SR_NUMBER,SR_TYPE,SR_SHORT_CODE,CREATED_DEPARTMENT,OWNER_DEPARTMENT,STATUS,ORIGIN,CREATED_DATE,LAST_MODIFIED_DATE,CLOSED_DATE,STREET_ADDRESS,CITY,STATE,ZIP_CODE,STREET_NUMBER,STREET_DIRECTION,STREET_NAME,STREET_TYPE,DUPLICATE,LEGACY_RECORD,LEGACY_SR_NUMBER,PARENT_SR_NUMBER,COMMUNITY_AREA,WARD,ELECTRICAL_DISTRICT,ELECTRICITY_GRID,POLICE_SECTOR,POLICE_DISTRICT,POLICE_BEAT,PRECINCT,SANITATION_DIVISION_DAYS,CREATED_HOUR,CREATED_DAY_OF_WEEK,CREATED_MONTH,X_COORDINATE,Y_COORDINATE,LATITUDE,LONGITUDE,LOCATION,Boundaries - ZIP Codes,Community Areas,Zip Codes,Census Tracts,Wards,Boundaries - Wards (2023-)
SR22-02206088,Pushcart Food Vendor Complaint,CORNVEND,,Health,Completed,Internet,12/30/2022 07:31:34 AM,01/17/2023 12:40:11 PM,01/17/2023 12:40:11 PM,3300 N SACRAMENTO AVE,,,,3300,N,SACRAMENTO,AVE,false,false,,,21,33,,I014,3,17,1733,9,,7,6,12,1155718.469575802,1921786.238428682,41.941188001,-87.7030875,"(41.941188000940684, -87.70308750000191)",39,22,21538,425,20,33
SR22-02185932,Pushcart Food Vendor Complaint,CORNVEND,,Health,Completed,Mobile Device,12/26/2022 11:24:17 AM,02/24/2023 10:15:34 PM,02/24/2023 10:15:34 PM,5428 S CENTRAL AVE,,,,5428,S,CENTRAL,AVE,false,false,,,56,23,,B034,1,08,0811,29,,11,2,12,1139940.885920578,1867919.702216558,41.7936746,-87.762393618,"(41.79367459971204, -87.7623936177964)",7,53,22268,587,6,23
SR22-02167382,Pushcart Food Vendor Complaint,CORNVEND,311 City Services,Health,Completed,Phone Call,12/21/2022 10:04:02 AM,12/30/2022 09:55:05 PM,12/30/2022 09:55:05 PM,4200 W ADDISON ST,,,,4200,W,ADDISON,ST,false,false,,,16,30,,F013,3,17,1731,5,,10,4,12,1147752.970892027,1923626.191315162,41.946393959,-87.732316583,"(41.946393959351, -87.73231658312305)",21,16,22618,295,50,30
SR22-02138192,Pushcart Food Vendor Complaint,CORNVEND,,Health,Completed,Mobile Device,12/15/2022 10:40:13 AM,01/05/2023 02:25:09 PM,01/05/2023 02:25:09 PM,4700 W ARMITAGE AVE,,,,4700,W,ARMITAGE,AVE,false,false,,,19,26,,E017,2,25,2522,13,,10,5,12,1144680.296526633,1912976.955121775,41.917230001,-87.74388,"(41.91723000094057, -87.74388000000194)",2,19,22615,289,44,26
SR22-02106831,Pushcart Food Vendor Complaint,CORNVEND,,Health,Completed,Mobile Device,12/09/2022 12:50:24 AM,12/30/2022 10:15:10 PM,12/30/2022 10:15:10 PM,4117 W 25TH ST,,,,4117,W,25TH,ST,false,false,,,30,22,,F027,1,10,1013,17,,0,6,12,1149462.973544547,1887001.898297227,41.845860001,-87.7269825,"(41.84586000094035, -87.7269825000019)",57,32,21569,194,28,22
SR22-02050996,Pushcart Food Vendor Complaint,CORNVEND,,Health,Completed,Internet,11/29/2022 07:09:32 AM,01/15/2023 03:50:06 PM,01/15/2023 03:50:06 PM,3300 N SACRAMENTO AVE,,,,3300,N,SACRAMENTO,AVE,false,false,,,21,33,,I014,3,17,1733,9,,7,3,11,1155718.469575802,1921786.238428682,41.941188001,-87.7030875,"(41.941188000940684, -87.70308750000191)",39,22,21538,425,20,33
SR22-02042753,Pushcart Food Vendor Complaint,CORNVEND,,Health,Completed,Internet,11/27/2022 02:41:47 PM,01/08/2023 07:55:05 PM,01/08/2023 07:55:05 PM,151 N MICHIGAN AVE,,,,151,N,MICHIGAN,AVE,false,false,,,32,34,,Q022,1,01,0114,42,,14,1,11,1177370.856456714,1901426.990877054,41.884857001,-87.624126,"(41.88485700094046, -87.62412600000191)",42,38,14309,580,36,34
SR22-02022237,Pushcart Food Vendor Complaint,CORNVEND,,Health,Completed,Internet,11/22/2022 12:03:34 PM,01/19/2023 02:09:19 PM,01/19/2023 02:09:19 PM,1062 W CHICAGO AVE,,,,1062,W,CHICAGO,AVE,false,false,,,24,27,,N020,1,12,1213,35,,12,3,11,1168915.421961391,1905592.865196535,41.896476001,-87.6550545,"(41.89647600094052, -87.65505450000191)",49,25,22620,109,46,27
SR22-01947276,Pushcart Food Vendor Complaint,CORNVEND,,Health,Completed,Internet,11/07/2022 02:43:43 PM,11/21/2022 11:11:09 AM,11/21/2022 11:11:09 AM,7620 S PEORIA ST,,,,7620,S,PEORIA,ST,false,false,,,71,17,,N040,2,06,0621,2,,14,2,11,1171558.452975232,1854196.948264276,41.755383001,-87.6468555,"(41.75538300094001, -87.6468555000019)",59,70,21554,572,31,17
SR22-01931207,Pushcart Food Vendor Complaint,CORNVEND,,Health,Completed,Internet,11/04/2022 01:15:21 PM,04/16/2023 07:05:11 PM,04/16/2023 07:05:11 PM,4358 W 83RD ST,,,,4358,W,83RD,ST,false,false,,,70,18,,F041,3,08,0834,25,,13,6,11,1148603.172943237,1849230.125497584,41.742225001,-87.731109,"(41.742225000939946, -87.73110900000192)",8,69,4300,235,30,18
SR22-01887603,Pushcart Food Vendor Complaint,CORNVEND,Alderman,Health,Completed,Alderman's Office,10/27/2022 11:38:39 AM,11/10/2022 03:55:26 PM,11/10/2022 03:55:26 PM,8300 S KOSTNER AVE,,,60652,8300,S,KOSTNER,AVE,false,false,,,70,18,,E042,3,08,0834,44,,11,5,10,1148518.178605,1849120.911326,41.741926929,-87.731423222,"(41.741926929336415, -87.73142322245596)",8,69,4300,197,30,18
SR22-01843903,Pushcart Food Vendor Complaint,CORNVEND,311 City Services,Health,Completed,Phone Call,10/19/2022 02:12:28 PM,11/21/2022 11:10:57 AM,11/21/2022 11:10:57 AM,6200 S WOLCOTT AVE,,,60636,6200,S,WOLCOTT,AVE,false,false,,,67,15,,L036,1,07,0714,24,,14,4,10,1164743.554602,1863519.240246,41.78111115,-87.671567548,"(41.78111115031367, -87.6715675475935)",23,65,22257,275,3,16
SR22-01825704,Pushcart Food Vendor Complaint,CORNVEND,,Health,Completed,Mobile Device,10/16/2022 07:12:09 PM,11/13/2022 11:45:11 AM,11/13/2022 11:45:11 AM,3575 W FULLERTON AVE,,,60647,3575,W,FULLERTON,AVE,false,false,,,22,35,,H017,1,14,1413,7,,19,1,10,1152066.292202,1915643.288222,41.924404142,-87.716673125,"(41.92440414199428, -87.7166731254813)",1,23,22535,550,12,35
SR22-01791059,Pushcart Food Vendor Complaint,CORNVEND,311 City Services,Health,Completed,Phone Call,10/10/2022 02:21:29 PM,11/21/2022 11:10:48 AM,11/21/2022 11:10:48 AM,7101 S KEDZIE AVE,,,60629,7101,S,KEDZIE,AVE,false,false,,,66,18,,H038,3,08,0831,39,,14,2,10,1156264.680607,1857364.509442,41.764396496,-87.702818538,"(41.7643964959118, -87.70281853760561)",58,64,21867,383,31,17
SR22-01773378,Pushcart Food Vendor Complaint,CORNVEND,,Health,Completed,Mobile Device,10/06/2022 11:30:09 PM,11/10/2022 03:55:17 PM,11/10/2022 03:55:17 PM,8300 S KOSTNER AVE,,,60652,8300,S,KOSTNER,AVE,false,false,,,70,18,,E042,3,08,0834,44,,23,5,10,1148518.178605,1849120.911326,41.741926929,-87.731423222,"(41.741926929336415, -87.73142322245596)",8,69,4300,197,30,18
SR22-01772090,Pushcart Food Vendor Complaint,CORNVEND,,Health,Completed,Mobile Device,10/06/2022 06:19:07 PM,11/21/2022 11:10:39 AM,11/21/2022 11:10:39 AM,2830 S KOMENSKY AVE,,,60623,2830,S,KOMENSKY,AVE,false,false,,,30,22,,F028,3,10,1031,24,,18,5,10,1149772.372231,1884723.298646,41.839601228,-87.725906164,"(41.83960122794914, -87.72590616363792)",57,32,21569,248,28,22
SR22-01772046,Pushcart Food Vendor Complaint,CORNVEND,,Health,Completed,Mobile Device,10/06/2022 06:12:03 PM,11/21/2022 11:10:29 AM,11/21/2022 11:10:29 AM,2500 S HOMAN AVE,,,60623,2500,S,HOMAN,AVE,false,false,,,30,22,,H027,2,10,1024,22,,18,5,10,1154098.614798,1887184.234187,41.846269279,-87.709965091,"(41.84626927922992, -87.70996509131106)",57,32,21569,755,28,22
SR22-01743500,Pushcart Food Vendor Complaint,CORNVEND,311 City Services,Health,Completed,Phone Call,10/02/2022 11:40:21 AM,11/20/2022 05:15:12 PM,11/20/2022 05:15:12 PM,4955 W ADDISON ST,,,60641,4955,W,ADDISON,ST,false,false,,,15,31,,D014,3,16,1634,12,,11,1,10,1142466.715924,1923462.773138,41.946045595,-87.75175149,"(41.94604559540297, -87.75175148967912)",21,15,22618,115,17,31
SR22-01710045,Pushcart Food Vendor Complaint,CORNVEND,,Health,Completed,Internet,09/26/2022 07:22:02 PM,12/20/2022 01:00:11 PM,12/20/2022 01:00:11 PM,4445 S HONORE ST,,,60609,4445,S,HONORE,ST,false,false,,,61,15,,L032,2,09,0924,5,,19,2,9,1164840.627249,1875035.717494,41.812711724,-87.670886285,"(41.812711723840984, -87.6708862853975)",37,59,14924,706,3,15
SR22-01708658,Pushcart Food Vendor Complaint,CORNVEND,311 City Services,Health,Completed,Phone Call,09/26/2022 03:36:07 PM,12/04/2022 04:15:11 PM,12/04/2022 04:15:11 PM,3843 N AVERS AVE,,,60618,3843,N,AVERS,AVE,false,false,,,16,30,,G013,3,17,1732,3,,15,2,9,1150069.077419,1925319.49181,41.950995627,-87.723758973,"(41.95099562699869, -87.72375897253664)",39,16,21538,326,50,30
SR22-01686761,Pushcart Food Vendor Complaint,CORNVEND,311 City Services,Health,Completed,Phone Call,09/22/2022 02:08:36 PM,11/03/2022 03:50:27 PM,11/03/2022 03:50:27 PM,4727 N PULASKI RD,,,60630,4727,N,PULASKI,RD,false,false,,,14,39,,G011,2,17,1723,31,,14,5,9,1148882.373004,1931222.660874,41.967217444,-87.727967975,"(41.9672174435368, -87.72796797472144)",20,14,21869,117,38,39
SR22-01683850,Pushcart Food Vendor Complaint,CORNVEND,,Health,Completed,Mobile Device,09/22/2022 09:06:37 AM,11/03/2022 03:20:49 PM,11/03/2022 03:20:49 PM,5800 S AUSTIN AVE,,,60638,5800,S,AUSTIN,AVE,false,false,,,56,13,,A035,1,08,0811,32,,9,5,9,1137300.819106,1865440.160694,41.786918004,-87.772134103,"(41.78691800437588, -87.77213410337363)",7,53,22268,590,15,13
SR22-01674327,Pushcart Food Vendor Complaint,CORNVEND,,Health,Completed,Mobile Device,09/20/2022 04:45:35 PM,10/26/2022 12:55:38 PM,10/26/2022 12:55:38 PM,5846 S MASON AVE,,,60638,5846,S,MASON,AVE,false,false,,,56,23,,B035,1,08,0811,4,,16,3,9,1137716.92292,1864986.617378,41.785665937,-87.770619293,"(41.785665937336695, -87.77061929250239)",7,53,22268,590,6,13
SR22-01649505,Pushcart Food Vendor Complaint,CORNVEND,,Health,Completed,Internet,09/16/2022 11:48:54 AM,10/07/2022 09:40:15 AM,10/07/2022 09:40:15 AM,3401 N PULASKI RD,,,60641,3401,N,PULASKI,RD,false,false,,,21,30,,G014,3,17,1732,8,,11,6,9,1149180.855452,1922366.603528,41.942909954,-87.727100831,"(41.94290995350352, -87.72710083128001)",39,22,22618,138,21,30
SR22-01645153,Pushcart Food Vendor Complaint,CORNVEND,,Health,Completed,Mobile Device,09/15/2022 05:01:31 PM,10/07/2022 04:10:23 PM,10/07/2022 04:10:23 PM,5800 S AUSTIN AVE,,,60638,5800,S,AUSTIN,AVE,false,false,,,56,13,,A035,1,08,0811,32,,17,5,9,1137300.819106,1865440.160694,41.786918004,-87.772134103,"(41.78691800437588, -87.77213410337363)",7,53,22268,590,15,13
SR22-01642906,Pushcart Food Vendor Complaint,CORNVEND,311 City Services,Health,Completed,Phone Call,09/15/2022 12:58:40 PM,10/26/2022 12:55:27 PM,10/26/2022 12:55:27 PM,9900 S AVENUE H,,,60617,9900,S,AVENUE H,,false,false,,,52,10,,Y046,3,04,0432,22,,12,5,9,1202785.17897,1840032.75416,41.715774766,-87.532902585,"(41.71577476612122, -87.53290258528187)",25,49,21202,705,47,6
SR22-01641378,Pushcart Food Vendor Complaint,CORNVEND,,Health,Completed,Internet,09/15/2022 10:22:44 AM,11/03/2022 03:50:14 PM,11/03/2022 03:50:14 PM,2600 S KEELER AVE,,,60623,2600,S,KEELER,AVE,false,false,,,30,22,,F028,3,10,1031,6,,10,5,9,1148795.355381,1886356.644726,41.84410225,-87.72944928,"(41.84410224966495, -87.72944927981699)",57,32,21569,194,28,22
SR22-01638014,Pushcart Food Vendor Complaint,CORNVEND,311 City Services,Health,Completed,Phone Call,09/14/2022 05:16:42 PM,11/03/2022 03:25:54 PM,11/03/2022 03:25:54 PM,3117 W 26TH ST,,,60623,3117,W,26TH,ST,false,false,,,30,12,,I028,3,10,1033,15,,17,4,9,1155917.341923,1886479.728738,41.844299614,-87.703309398,"(41.8442996139092, -87.70330939831474)",57,32,21569,124,1,25
SR22-01638008,Pushcart Food Vendor Complaint,CORNVEND,311 City Services,Health,Completed,Phone Call,09/14/2022 05:14:23 PM,10/25/2022 09:35:21 AM,10/25/2022 09:35:21 AM,3045 W 26TH ST,,,60623,3045,W,26TH,ST,false,false,,,30,12,,I028,3,10,1033,15,,17,4,9,1156370.241397,1886283.857992,41.843752993,-87.701652613,"(41.84375299273055, -87.70165261316396)",57,32,21569,124,1,25
SR22-01628762,Pushcart Food Vendor Complaint,CORNVEND,311 City Services,Health,Completed,Phone Call,09/13/2022 01:43:53 PM,09/22/2022 10:45:27 AM,09/22/2022 10:45:27 AM,3132 W 26TH ST,,,60623,3132,W,26TH,ST,false,false,,,30,12,,I027,3,10,1033,15,,13,3,9,1155708.141697,1886653.786355,41.844781457,-87.704072451,"(41.84478145716603, -87.70407245133116)",57,32,21569,261,1,25
SR22-01628755,Pushcart Food Vendor Complaint,CORNVEND,311 City Services,Health,Completed,Phone Call,09/13/2022 01:42:59 PM,09/22/2022 10:40:29 AM,09/22/2022 10:40:29 AM,3117 W 26TH ST,,,60623,3117,W,26TH,ST,false,false,,,30,12,,I028,3,10,1033,15,,13,3,9,1155917.341923,1886479.728738,41.844299614,-87.703309398,"(41.8442996139092, -87.70330939831474)",57,32,21569,124,1,25
SR22-01609930,Pushcart Food Vendor Complaint,CORNVEND,311 City Services,Health,Completed,Phone Call,09/10/2022 02:52:02 PM,09/16/2022 10:35:16 AM,09/16/2022 10:35:16 AM,9910 S DOCTOR MARTIN LUTHER KING JR DR,,,60628,9910,S,DOCTOR MARTIN LUTHER KING JR,DR,false,false,,,49,9,,Q046,1,05,0511,24,,14,7,9,1180657.093479,1839218.059662,41.714075081,-87.613970352,"(41.7140750808858, -87.61397035219692)",19,45,21861,567,43,11
SR22-01603970,Pushcart Food Vendor Complaint,CORNVEND,,Health,Completed,Internet,09/09/2022 01:24:34 PM,10/07/2022 01:50:13 PM,10/07/2022 01:50:13 PM,4247 W 31ST ST,,,60623,4247,W,31ST,ST,false,false,,,30,22,,F029,3,10,1031,16,,13,6,9,1148451.375279,1883561.582619,41.836438857,-87.730783597,"(41.836438856786906, -87.73078359686392)",57,32,21569,200,28,22
SR22-01597902,Pushcart Food Vendor Complaint,CORNVEND,,Health,Completed,Mobile Device,09/08/2022 04:16:37 PM,09/13/2022 12:10:16 PM,09/13/2022 12:10:16 PM,5800 S AUSTIN AVE,,,60638,5800,S,AUSTIN,AVE,false,false,,,56,13,,A035,1,08,0811,32,,16,5,9,1137300.819106,1865440.160694,41.786918004,-87.772134103,"(41.78691800437588, -87.77213410337363)",7,53,22268,590,15,13
SR22-01596037,Pushcart Food Vendor Complaint,CORNVEND,311 City Services,Health,Completed,Phone Call,09/08/2022 01:17:24 PM,09/22/2022 10:45:18 AM,09/22/2022 10:45:18 AM,4700 S PRAIRIE AVE,,,60615,4700,S,PRAIRIE,AVE,false,false,,,38,3,,Q033,2,02,0224,11,,13,5,9,1178823.553899,1873887.311125,41.809253163,-87.619631987,"(41.8092531632419, -87.6196319865263)",10,4,21192,448,9,8
SR22-01582106,Pushcart Food Vendor Complaint,CORNVEND,,Health,Canceled,Mobile Device,09/06/2022 02:25:02 PM,09/07/2022 02:51:05 PM,09/07/2022 02:51:05 PM,9044 S ASHLAND AVE,,,60620,9044,S,ASHLAND,AVE,false,false,,,73,21,,L043,2,22,2221,8,,14,3,9,1167175.542342,1844535.759709,41.728966153,-87.663193476,"(41.72896615319322, -87.66319347553564)",59,72,21554,632,13,21
SR22-01582097,Pushcart Food Vendor Complaint,CORNVEND,,Health,Canceled,Mobile Device,09/06/2022 02:24:15 PM,09/07/2022 02:51:49 PM,09/07/2022 02:51:49 PM,9044 S ASHLAND AVE,,,60620,9044,S,ASHLAND,AVE,false,false,,,73,21,,L043,2,22,2221,8,,14,3,9,1167175.542342,1844535.759709,41.728966153,-87.663193476,"(41.72896615319322, -87.66319347553564)",59,72,21554,632,13,21
SR22-01582096,Pushcart Food Vendor Complaint,CORNVEND,,Health,Canceled,Mobile Device,09/06/2022 02:24:08 PM,09/07/2022 02:53:33 PM,09/07/2022 02:53:33 PM,9044 S ASHLAND AVE,,,60620,9044,S,ASHLAND,AVE,false,false,,,73,21,,L043,2,22,2221,8,,14,3,9,1167175.542342,1844535.759709,41.728966153,-87.663193476,"(41.72896615319322, -87.66319347553564)",59,72,21554,632,13,21
SR22-01582085,Pushcart Food Vendor Complaint,CORNVEND,,Health,Completed,Mobile Device,09/06/2022 02:22:47 PM,09/14/2022 09:35:16 AM,09/14/2022 09:35:16 AM,9044 S ASHLAND AVE,,,60620,9044,S,ASHLAND,AVE,false,false,,,73,21,,L043,2,22,2221,8,,14,3,9,1167175.542342,1844535.759709,41.728966153,-87.663193476,"(41.72896615319322, -87.66319347553564)",59,72,21554,632,13,21
SR22-01555846,Pushcart Food Vendor Complaint,CORNVEND,,Health,Completed,Mobile Device,09/01/2022 05:36:09 PM,09/08/2022 09:45:18 AM,09/08/2022 09:45:18 AM,5800 S AUSTIN AVE,,,60638,5800,S,AUSTIN,AVE,false,false,,,56,13,,A035,1,08,0811,32,,17,5,9,1137300.819106,1865440.160694,41.786918004,-87.772134103,"(41.78691800437588, -87.77213410337363)",7,53,22268,590,15,13
SR22-01531560,Pushcart Food Vendor Complaint,CORNVEND,311 City Services,Health,Completed,Phone Call,08/29/2022 01:46:16 PM,09/16/2022 09:30:16 PM,09/16/2022 09:30:16 PM,4700 S PULASKI RD,,,60632,4700,S,PULASKI,RD,false,false,,,57,14,,F033,1,08,0815,28,,13,2,8,1150382.89376,1873121.038969,41.807751159,-87.72396776,"(41.80775115906, -87.72396776009731)",56,54,22248,697,8,14
SR22-01516228,Pushcart Food Vendor Complaint,CORNVEND,311 City Services,Health,Completed,Phone Call,08/26/2022 02:35:52 PM,09/15/2022 09:50:38 AM,09/15/2022 09:50:38 AM,4122 W 26TH ST,,,,4122,W,26TH,ST,false,false,,,30,22,,F027,1,10,1013,17,,14,6,8,1149190.750606888,1886481.780786333,41.844438001,-87.727995,"(41.84443800094031, -87.72799500000191)",57,32,21569,194,28,22
SR22-01499450,Pushcart Food Vendor Complaint,CORNVEND,,Health,Completed,Mobile Device,08/24/2022 02:35:19 AM,09/13/2022 05:15:27 PM,09/13/2022 05:15:27 PM,8300 S KOSTNER AVE,,,60652,8300,S,KOSTNER,AVE,false,false,,,70,18,,E042,3,08,0834,44,,2,4,8,1148518.178605,1849120.911326,41.741926929,-87.731423222,"(41.741926929336415, -87.73142322245596)",8,69,4300,197,30,18
SR22-01473520,Pushcart Food Vendor Complaint,CORNVEND,,Health,Completed,Internet,08/19/2022 12:19:39 PM,09/26/2022 03:45:14 PM,09/26/2022 03:45:14 PM,2001 W 21ST PL,,,60608,2001,W,21ST,PL,false,false,,,31,25,,K026,3,12,1234,30,,12,6,8,1163367.76583,1889743.905809,41.85310361,-87.675875867,"(41.85310360996064, -87.67587586668701)",43,33,14920,366,26,25
SR22-01473432,Pushcart Food Vendor Complaint,CORNVEND,,Health,Completed,Internet,08/19/2022 12:10:30 PM,11/10/2022 11:35:19 AM,11/10/2022 11:35:19 AM,2001 W 21ST PL,,,60608,2001,W,21ST,PL,false,false,,,31,25,,K026,3,12,1234,30,,12,6,8,1163367.76583,1889743.905809,41.85310361,-87.675875867,"(41.85310360996064, -87.67587586668701)",43,33,14920,366,26,25
SR22-01443501,Pushcart Food Vendor Complaint,CORNVEND,311 City Services,Health,Completed,Phone Call,08/15/2022 10:17:48 AM,09/26/2022 10:55:19 AM,09/26/2022 10:55:19 AM,4100 S ASHLAND AVE,,,60609,4100,S,ASHLAND,AVE,false,false,,,61,12,,L031,2,09,0924,19,,10,2,8,1165743.018972,1877247.611083,41.81876227,-87.667513431,"(41.81876227022546, -87.66751343055456)",37,59,14924,706,1,12
SR22-01432706,Pushcart Food Vendor Complaint,CORNVEND,,Health,Completed,Internet,08/12/2022 05:16:10 PM,09/15/2022 09:50:29 AM,09/15/2022 09:50:29 AM,2457 S SAWYER AVE,,,60623,2457,S,SAWYER,AVE,false,false,,,30,12,,H027,2,10,1024,14,,17,6,8,1155101.534251,1887262.948346,41.846465245,-87.706282304,"(41.846465244603735, -87.7062823038826)",57,32,21569,291,1,25
SR22-01426418,Pushcart Food Vendor Complaint,CORNVEND,311 City Services,Health,Completed,Phone Call,08/11/2022 06:56:36 PM,09/11/2022 08:15:14 PM,09/11/2022 08:15:14 PM,1424 W 87TH ST,,,60620,1424,W,87TH,ST,false,false,,,71,21,,M042,1,06,0614,48,,18,5,8,1168217.484183,1847063.99887,41.735881689,-87.659304058,"(41.73588168895976, -87.65930405796446)",59,70,21554,531,13,21
SR22-01425956,Pushcart Food Vendor Complaint,CORNVEND,,Health,Completed,Internet,08/11/2022 05:27:42 PM,09/09/2022 07:20:18 PM,09/09/2022 07:20:18 PM,4401 W 83RD ST,,,60652,4401,W,83RD,ST,false,false,,,70,18,,E042,3,08,0834,44,,17,5,8,1148494.670367,1849143.113751,41.741988308,-87.731508788,"(41.74198830799077, -87.73150878849837)",8,69,4300,197,30,18
SR22-01410536,Pushcart Food Vendor Complaint,CORNVEND,,Health,Completed,Mobile Device,08/09/2022 04:55:56 PM,09/13/2022 09:10:27 AM,09/13/2022 09:10:27 AM,5169 N MCVICKER AVE,,,60630,5169,N,MCVICKER,AVE,false,false,,,11,45,,A010,2,16,1622,22,,16,3,8,1134949.902097,1934162.767052,41.97554407,-87.779126846,"(41.975544069703666, -87.77912684567949)",48,11,21869,779,50,45
SR22-01409130,Pushcart Food Vendor Complaint,CORNVEND,,Health,Completed,Internet,08/09/2022 02:06:35 PM,09/25/2022 11:50:13 AM,09/25/2022 11:50:13 AM,820 N ORLEANS ST,,,60610,820,N,ORLEANS,ST,false,false,,,8,27,,P020,2,18,1823,48,,14,3,8,1173763.37748,1905931.780092,41.897299451,-87.637238884,"(41.897299450789184, -87.63723888406535)",54,37,14926,652,46,2
SR22-01384950,Pushcart Food Vendor Complaint,CORNVEND,311 City Services,Health,Completed,Phone Call,08/05/2022 12:09:44 PM,09/09/2022 12:15:23 PM,09/09/2022 12:15:23 PM,3100 S LAKE SHORE DR,,,60616,3100,S,LAKE SHORE,DR,false,false,,,35,4,,R029,1,02,0211,35,,12,6,8,1181722.954526,1884559.780819,41.838472639,-87.608667464,"(41.83847263900907, -87.6086674640825)",40,1,21194,581,10,9
SR22-01380955,Pushcart Food Vendor Complaint,CORNVEND,,Health,Completed,Mobile Device,08/04/2022 06:16:04 PM,09/08/2022 06:20:23 PM,09/08/2022 06:20:23 PM,5800 S AUSTIN AVE,,,60638,5800,S,AUSTIN,AVE,false,false,,,56,13,,A035,1,08,0811,32,,18,5,8,1137300.819106,1865440.160694,41.786918004,-87.772134103,"(41.78691800437588, -87.77213410337363)",7,53,22268,590,15,13
SR22-01368212,Pushcart Food Vendor Complaint,CORNVEND,311 City Services,Health,Completed,Phone Call,08/03/2022 07:51:52 AM,09/13/2022 08:50:21 AM,09/13/2022 08:50:21 AM,4701 S WESTERN BLVD,,,60609,4701,S,WESTERN,BLVD,false,false,,,61,15,,K033,2,09,0924,21,,7,4,8,1161310.356771,1873446.692648,41.808425191,-87.683879465,"(41.80842519149785, -87.68387946492172)",37,55,14924,687,3,15
SR22-01365874,Pushcart Food Vendor Complaint,CORNVEND,311 City Services,Health,Completed,Phone Call,08/02/2022 05:40:56 PM,09/22/2022 10:40:19 AM,09/22/2022 10:40:19 AM,5118 S LAKE PARK AVE,,,60615,5118,S,LAKE PARK,AVE,false,false,,,41,4,,T034,3,02,0234,27,,17,3,8,1187382.439453,1871208.621603,41.801703321,-87.588325157,"(41.80170332057532, -87.58832515748995)",10,8,21192,405,10,9
SR22-01356772,Pushcart Food Vendor Complaint,CORNVEND,311 City Services,Health,Completed,Phone Call,08/01/2022 02:42:43 PM,09/06/2022 12:35:21 PM,09/06/2022 12:35:21 PM,5463 W FOSTER AVE,,,60630,5463,W,FOSTER,AVE,false,false,,,11,45,,C010,2,16,1623,34,,14,2,8,1138749.893334,1933968.787489,41.974943462,-87.765157423,"(41.97494346248283, -87.76515742288741)",48,11,21869,128,50,45
SR22-01355624,Pushcart Food Vendor Complaint,CORNVEND,,Health,Completed,Mobile Device,08/01/2022 12:52:10 PM,09/08/2022 09:05:16 AM,09/08/2022 09:05:16 AM,4527 W MARQUETTE RD,,,60629,4527,W,MARQUETTE,RD,false,false,,,65,13,,E038,3,08,0833,9,,12,2,8,1147267.830628,1859779.525323,41.77119995,-87.735733262,"(41.77119995010236, -87.73573326221911)",58,63,21867,318,15,23
SR22-01349245,Pushcart Food Vendor Complaint,CORNVEND,311 City Services,Health,Completed,Phone Call,07/31/2022 01:22:05 PM,09/12/2022 11:30:28 AM,09/12/2022 11:30:28 AM,2759 W 71ST ST,,,60629,2759,W,71ST,ST,false,false,,,66,18,,I039,3,08,0831,50,,13,1,7,1158933.452953,1857439.26753,41.764547545,-87.693034683,"(41.76454754487719, -87.69303468272197)",58,64,21867,383,31,17
SR22-01340728,Pushcart Food Vendor Complaint,CORNVEND,,Health,Completed,Internet,07/29/2022 09:48:01 PM,09/12/2022 10:30:18 AM,09/12/2022 10:30:18 AM,4047 N FRANCISCO AVE,,,60618,4047,N,FRANCISCO,AVE,false,false,,,16,33,,I012,2,17,1724,25,,21,6,7,1156397.172248,1926964.33475,41.955383318,-87.700452469,"(41.95538331846298, -87.70045246903304)",39,16,21538,116,20,33
SR22-01334154,Pushcart Food Vendor Complaint,CORNVEND,311 City Services,Health,Completed,Phone Call,07/29/2022 07:16:28 AM,09/08/2022 08:55:31 AM,09/08/2022 08:55:31 AM,4657 S ROCKWELL ST,,,60632,4657,S,ROCKWELL,ST,false,false,,,58,15,,J032,2,09,0922,8,,7,6,7,1159833.192559,1873468.21944,41.808514768,-87.6892968,"(41.80851476755458, -87.68929680036871)",56,55,22248,687,3,15
SR22-01332680,Pushcart Food Vendor Complaint,CORNVEND,,Health,Completed,Internet,07/28/2022 07:45:23 PM,09/09/2022 09:00:23 PM,09/09/2022 09:00:23 PM,3434 W 66TH PL,,,60629,3434,W,66TH,PL,false,false,,,66,23,,H037,3,08,0831,19,,19,5,7,1154480.158569,1860388.414906,41.772730276,-87.70927892,"(41.77273027559347, -87.70927891975657)",58,64,21867,293,6,14
SR22-01321539,Pushcart Food Vendor Complaint,CORNVEND,311 City Services,Health,Completed,Phone Call,07/27/2022 02:47:29 PM,09/13/2022 09:15:39 AM,09/13/2022 09:15:39 AM,5109 W CONCORD PL,,,60639,5109,W,CONCORD,PL,false,false,,,25,37,,D018,3,25,2533,41,,14,4,7,1142187.077135,1910482.821609,41.910432485,-87.75310222,"(41.9104324847104, -87.75310222042897)",2,26,22615,523,45,37
SR22-01319760,Pushcart Food Vendor Complaint,CORNVEND,,Health,Completed,Internet,07/27/2022 11:47:33 AM,09/06/2022 11:30:20 AM,09/06/2022 11:30:20 AM,4221 W NORTH AVE,,,60639,4221,W,NORTH,AVE,false,false,,,23,26,,F019,3,25,2534,15,,11,4,7,1147830.043553,1910206.656694,41.909568038,-87.732379,"(41.909568038425355, -87.73237900044106)",5,24,22615,286,49,36
SR22-01317987,Pushcart Food Vendor Complaint,CORNVEND,,Health,Completed,Internet,07/27/2022 08:34:14 AM,09/13/2022 09:15:23 AM,09/13/2022 09:15:23 AM,4221 W NORTH AVE,,,60639,4221,W,NORTH,AVE,false,false,,,23,26,,F019,3,25,2534,15,,8,4,7,1147830.043553,1910206.656694,41.909568038,-87.732379,"(41.909568038425355, -87.73237900044106)",5,24,22615,286,49,36
SR22-01286814,Pushcart Food Vendor Complaint,CORNVEND,311 City Services,Health,Completed,Phone Call,07/22/2022 03:12:33 PM,09/15/2022 09:10:25 AM,09/15/2022 09:10:25 AM,7100 S ASHLAND AVE,,,60636,7100,S,ASHLAND,AVE,false,false,,,67,17,,L039,3,07,0735,32,,15,6,7,1166776.557915,1857565.538608,41.764730242,-87.664283922,"(41.76473024194659, -87.66428392243671)",23,65,22257,433,31,17
SR22-01255067,Pushcart Food Vendor Complaint,CORNVEND,311 City Services,Health,Completed,Phone Call,07/18/2022 03:16:11 PM,09/06/2022 11:10:14 AM,09/06/2022 11:10:14 AM,2225 S WESTERN AVE,,,60608,2225,S,WESTERN,AVE,false,false,,,31,28,,J027,3,10,1034,19,,15,2,7,1160718.247869,1889003.28914,41.851126537,-87.685620995,"(41.85112653660339, -87.68562099484113)",43,33,14920,204,23,28
SR22-01247064,Pushcart Food Vendor Complaint,CORNVEND,311 City Services,Health,Completed,Phone Call,07/17/2022 01:06:09 PM,09/09/2022 04:20:28 PM,09/09/2022 04:20:28 PM,7500 S VINCENNES AVE,,,60620,7500,S,VINCENNES,AVE,false,false,,,69,6,,P040,2,06,0623,17,,13,1,7,1175751.892719,1855206.513488,41.75806052,-87.631457496,"(41.7580605195712, -87.63145749573272)",59,67,21554,495,32,4
SR22-01235690,Pushcart Food Vendor Complaint,CORNVEND,,Health,Completed,Internet,07/15/2022 08:37:09 AM,09/06/2022 12:15:18 PM,09/06/2022 12:15:18 PM,1000 N LAWLER AVE,,,60651,1000,N,LAWLER,AVE,false,false,,,25,37,,D020,3,15,1531,15,,8,6,7,1142434.668712,1906233.392535,41.898766971,-87.752298389,"(41.89876697090499, -87.75229838928804)",5,26,4299,585,45,37
SR22-01235468,Pushcart Food Vendor Complaint,CORNVEND,311 City Services,Health,Completed,Phone Call,07/15/2022 07:57:21 AM,09/02/2022 01:50:05 PM,09/02/2022 01:50:05 PM,2759 S CENTRAL PARK AVE,,,60623,2759,S,CENTRAL PARK,AVE,false,false,,,30,22,,H028,3,10,1032,9,,7,6,7,1152902.058893,1885202.793411,41.840855711,-87.714408817,"(41.84085571087398, -87.71440881730001)",57,32,21569,312,28,22
SR22-01222346,Pushcart Food Vendor Complaint,CORNVEND,311 City Services,Health,Completed,Phone Call,07/13/2022 01:25:26 PM,09/01/2022 11:35:25 AM,09/01/2022 11:35:25 AM,5463 W FOSTER AVE,,,60630,5463,W,FOSTER,AVE,false,false,,,11,45,,C010,2,16,1623,34,,13,4,7,1138749.893334,1933968.787489,41.974943462,-87.765157423,"(41.97494346248283, -87.76515742288741)",48,11,21869,128,50,45
SR22-01215265,Pushcart Food Vendor Complaint,CORNVEND,Alderman,Health,Completed,Alderman's Office,07/12/2022 02:45:51 PM,09/15/2022 09:50:19 AM,09/15/2022 09:50:19 AM,2415 S KEELER AVE,,,60623,2415,S,KEELER,AVE,false,false,,,30,22,,F027,1,10,1013,17,,14,3,7,1148824.048351,1887508.137913,41.847261543,-87.72931426,"(41.84726154299599, -87.72931425984761)",57,32,21569,194,28,22
SR22-01211406,Pushcart Food Vendor Complaint,CORNVEND,311 City Services,Health,Completed,Phone Call,07/12/2022 08:56:40 AM,09/08/2022 08:55:23 AM,09/08/2022 08:55:23 AM,2100 S DAMEN AVE,,,60608,2100,S,DAMEN,AVE,false,false,,,31,25,,K026,3,12,1234,30,,8,3,7,1163349.778103,1890044.442073,41.853928689,-87.675933443,"(41.8539286888447, -87.6759334425619)",43,33,14920,366,26,25
SR22-01195813,Pushcart Food Vendor Complaint,CORNVEND,,Health,Completed,Internet,07/09/2022 07:27:48 PM,09/02/2022 10:55:06 AM,09/02/2022 10:55:06 AM,3319 W 61ST PL,,,60629,3319,W,61ST,PL,false,false,,,66,23,,H036,2,08,0823,17,,19,7,7,1155233.900599,1863577.43548,41.781466388,-87.706430655,"(41.78146638819363, -87.70643065514848)",58,64,21867,344,6,14
SR22-01190148,Pushcart Food Vendor Complaint,CORNVEND,,Health,Completed,Internet,07/08/2022 05:39:02 PM,09/08/2022 09:15:24 AM,09/08/2022 09:15:24 AM,5259 S KOLIN AVE,,,60632,5259,S,KOLIN,AVE,false,false,,,57,23,,F034,1,08,0815,6,,17,6,7,1148271.412718,1869178.51788,41.796973103,-87.731813404,"(41.796973103003104, -87.73181340395014)",56,54,22248,637,6,23
SR22-01188890,Pushcart Food Vendor Complaint,CORNVEND,311 City Services,Health,Completed,Phone Call,07/08/2022 03:02:57 PM,09/01/2022 11:35:18 AM,09/01/2022 11:35:18 AM,5463 W FOSTER AVE,,,60630,5463,W,FOSTER,AVE,false,false,,,11,45,,C010,2,16,1623,34,,15,6,7,1138749.893334,1933968.787489,41.974943462,-87.765157423,"(41.97494346248283, -87.76515742288741)",48,11,21869,128,50,45
SR22-01160068,Pushcart Food Vendor Complaint,CORNVEND,,Health,Completed,Mobile Device,07/05/2022 10:12:10 AM,09/06/2022 11:25:14 AM,09/06/2022 11:25:14 AM,8217 S PULASKI RD,,,60652,8217,S,PULASKI,RD,false,false,,,70,18,,G041,3,08,0834,11,,10,3,7,1151274.051962,1849685.538956,41.743423027,-87.721310911,"(41.74342302662584, -87.72131091124928)",8,69,4300,199,30,18
SR22-01158630,Pushcart Food Vendor Complaint,CORNVEND,,Health,Completed,Internet,07/05/2022 08:00:42 AM,09/02/2022 01:20:06 PM,09/02/2022 01:20:06 PM,6340 N BROADWAY,,,60660,6340,N,BROADWAY,,false,false,,,77,48,,M007,3,24,2433,45,,8,3,7,1167134.350182,1942431.058561,41.99760011,-87.660533978,"(41.99760010999208, -87.6605339780379)",14,76,4451,536,16,48
SR22-01155909,Pushcart Food Vendor Complaint,CORNVEND,,Health,Completed,Internet,07/04/2022 05:54:34 PM,09/04/2022 04:55:05 PM,09/04/2022 04:55:05 PM,3538 S ASHLAND AVE,,,60609,3538,S,ASHLAND,AVE,false,false,,,59,12,,L030,1,09,0912,23,,17,2,7,1166149.275589,1881121.673345,41.829384462,-87.665912736,"(41.829384462062194, -87.66591273585621)",37,56,14924,721,1,7
SR22-01146165,Pushcart Food Vendor Complaint,CORNVEND,,Health,Completed,Internet,07/02/2022 02:58:09 PM,09/07/2022 11:05:05 AM,09/07/2022 11:05:05 AM,644 W 44TH ST,,,60609,644,W,44TH,ST,false,false,,,61,11,,O032,2,09,0925,13,,14,7,7,1172555.873764,1875788.301411,41.814610199,-87.642564524,"(41.81461019935256, -87.64256452445179)",37,59,14924,123,48,15
SR22-01142800,Pushcart Food Vendor Complaint,CORNVEND,,Health,Completed,Internet,07/01/2022 08:52:21 PM,09/19/2022 10:50:16 AM,09/19/2022 10:50:16 AM,406 W WILSON DR,,,60640,406,W,WILSON,DR,false,false,,,3,46,,O011,1,19,1914,29,,20,6,7,1171985.267189,1931182.193949,41.966627051,-87.643022884,"(41.966627050645315, -87.64302288372316)",15,31,21186,636,39,46
SR22-01123706,Pushcart Food Vendor Complaint,CORNVEND,311 City Services,Health,Completed,Phone Call,06/29/2022 02:25:31 PM,09/01/2022 03:45:17 PM,09/01/2022 03:45:17 PM,6301 S MARYLAND AVE,,,60637,6301,S,MARYLAND,AVE,false,false,,,42,20,,S037,1,03,0312,5,,14,4,6,1183006.703489,1863388.263719,41.780346536,-87.60461556,"(41.78034653600708, -87.60461556048794)",60,9,22260,347,4,20
SR22-01116465,Pushcart Food Vendor Complaint,CORNVEND,,Health,Completed,Internet,06/28/2022 06:01:12 PM,09/01/2022 04:20:15 PM,09/01/2022 04:20:15 PM,455 N MONTICELLO AVE,,,60624,455,N,MONTICELLO,AVE,false,false,,,23,27,,G021,2,11,1122,23,,18,3,6,1151963.468394,1903011.558578,41.889743512,-87.717384234,"(41.88974351210294, -87.71738423449834)",30,24,21572,584,46,27
SR22-01115971,Pushcart Food Vendor Complaint,CORNVEND,,Health,Canceled,Internet,06/28/2022 04:40:00 PM,06/30/2022 08:56:01 AM,06/30/2022 08:56:01 AM,3040 W LOGAN BLVD,,,60647,3040,W,LOGAN,BLVD,false,false,,,22,32,,I016,1,14,1411,28,,16,3,6,1155477.615335,1917306.368929,41.928899763,-87.704093585,"(41.92889976294843, -87.70409358470138)",1,23,22535,549,40,1
SR22-01106844,Pushcart Food Vendor Complaint,CORNVEND,Alderman,Health,Completed,Alderman's Office,06/27/2022 03:38:06 PM,09/08/2022 08:55:15 AM,09/08/2022 08:55:15 AM,4247 S CICERO AVE,,,60632,4247,S,CICERO,AVE,false,false,,,56,22,,E031,1,08,0815,12,,15,2,6,1145085.097176,1875857.094003,41.815360747,-87.743330047,"(41.815360747156895, -87.74333004658327)",56,53,22248,566,28,22
SR22-01099913,Pushcart Food Vendor Complaint,CORNVEND,311 City Services,Health,Completed,Phone Call,06/26/2022 06:42:12 PM,09/04/2022 08:35:07 PM,09/04/2022 08:35:07 PM,3708 N BROADWAY ST,,,60613,3708,N,BROADWAY,ST,false,false,,,6,46,,N013,2,19,1923,10,,18,1,6,1170261.790664,1924789.372817,41.949122866,-87.649547355,"(41.949122866460904, -87.64954735525058)",53,57,21186,727,39,46
SR22-01090642,Pushcart Food Vendor Complaint,CORNVEND,,Health,Completed,Internet,06/24/2022 09:01:18 PM,09/01/2022 03:55:16 PM,09/01/2022 03:55:16 PM,38 S MICHIGAN AVE,,,60604,38,S,MICHIGAN,AVE,false,false,,,32,42,,Q023,1,01,0112,33,,21,6,6,1177324.389883,1899960.944236,41.880835143,-87.624341106,"(41.88083514278449, -87.62434110643584)",34,38,14311,367,36,34
SR22-01082678,Pushcart Food Vendor Complaint,CORNVEND,,Health,Completed,Mobile Device,06/23/2022 09:52:53 PM,09/08/2022 07:55:20 PM,09/08/2022 07:55:20 PM,3319 W 61ST PL,,,60629,3319,W,61ST,PL,false,false,,,66,23,,H036,2,08,0823,17,,21,5,6,1155233.900599,1863577.43548,41.781466388,-87.706430655,"(41.78146638819363, -87.70643065514848)",58,64,21867,344,6,14
SR22-01045594,Pushcart Food Vendor Complaint,CORNVEND,311 City Services,Health,Completed,Phone Call,06/18/2022 12:00:52 PM,08/23/2022 08:31:03 AM,08/23/2022 08:31:03 AM,4205 N LARAMIE AVE,,,60641,4205,N,LARAMIE,AVE,false,false,,,15,38,,C012,2,16,1624,1,,12,7,6,1140937.594867,1927429.121617,41.956957958,-87.757274108,"(41.95695795810907, -87.75727410753142)",21,15,22618,260,19,38
SR22-01036586,Pushcart Food Vendor Complaint,CORNVEND,311 City Services,Health,Completed,Phone Call,06/17/2022 07:52:42 AM,08/23/2022 08:35:30 AM,08/23/2022 08:35:30 AM,2759 S CENTRAL PARK AVE,,,60623,2759,S,CENTRAL PARK,AVE,false,false,,,30,22,,H028,3,10,1032,9,,7,6,6,1152902.058893,1885202.793411,41.840855711,-87.714408817,"(41.84085571087398, -87.71440881730001)",57,32,21569,312,28,22
SR22-01035368,Pushcart Food Vendor Complaint,CORNVEND,,Health,Canceled,Internet,06/16/2022 09:48:46 PM,06/17/2022 09:25:03 AM,06/17/2022 09:25:03 AM,1400 W GARFIELD BLVD,,,60609,1400,W,GARFIELD,BLVD,false,false,,,67,20,,M034,3,09,0934,21,,21,5,6,1167933.789439,1868280.300147,41.794108104,-87.659734711,"(41.79410810435277, -87.65973471072562)",37,59,22257,790,4,20
SR22-01032744,Pushcart Food Vendor Complaint,CORNVEND,,Health,Completed,Mobile Device,06/16/2022 02:48:36 PM,08/23/2022 08:35:19 AM,08/23/2022 08:35:19 AM,4117 W 25TH ST,,,60623,4117,W,25TH,ST,false,false,,,30,22,,F027,1,10,1013,17,,14,5,6,1149462.664005,1887002.166594,41.845860743,-87.726983629,"(41.84586074317945, -87.72698362904583)",57,32,21569,194,28,22
SR22-01023660,Pushcart Food Vendor Complaint,CORNVEND,311 City Services,Health,Completed,Phone Call,06/15/2022 02:01:57 PM,08/24/2022 04:55:22 PM,08/24/2022 04:55:22 PM,6159 S CALIFORNIA AVE,,,60629,6159,S,CALIFORNIA,AVE,false,false,,,66,16,,I036,2,08,0825,17,,14,4,6,1158775.551165,1863414.321823,41.780947192,-87.693450496,"(41.780947192167254, -87.69345049587724)",58,64,21867,183,2,16
SR22-00996591,Pushcart Food Vendor Complaint,CORNVEND,311 City Services,Health,Completed,Phone Call,06/12/2022 06:11:13 PM,09/04/2022 04:45:05 PM,09/04/2022 04:45:05 PM,4023 S ARCHER AVE,,,60632,4023,S,ARCHER,AVE,false,false,,,58,12,,J031,2,09,0921,13,,18,1,6,1158488.924989,1877622.115109,41.819941121,-87.694113972,"(41.81994112134375, -87.69411397150019)",56,55,22248,641,1,12
SR22-00994335,Pushcart Food Vendor Complaint,CORNVEND,,Health,Completed,Internet,06/12/2022 08:50:32 AM,08/24/2022 04:50:27 PM,08/24/2022 04:50:27 PM,2028 W CULLERTON ST,,,60608,2028,W,CULLERTON,ST,false,false,,,31,25,,K026,3,12,1234,11,,8,1,6,1163024.391739,1890509.0366,41.855210412,-87.677114702,"(41.855210411647626, -87.67711470203243)",43,33,14920,366,26,25
SR22-00993922,Pushcart Food Vendor Complaint,CORNVEND,,Health,Completed,Mobile Device,06/12/2022 05:45:33 AM,08/18/2022 01:30:22 PM,08/18/2022 01:30:22 PM,4115 N RAVENSWOOD AVE,,,60613,4115,N,RAVENSWOOD,AVE,false,false,,,6,47,,L012,1,19,1912,39,,5,1,6,1163749.855516,1927493.325493,41.956682711,-87.673407573,"(41.95668271089273, -87.67340757342218)",53,57,21186,651,18,47
SR22-00985524,Pushcart Food Vendor Complaint,CORNVEND,311 City Services,Health,Completed,Phone Call,06/10/2022 01:44:01 PM,08/18/2022 11:36:02 PM,08/18/2022 11:36:02 PM,4251 N KEDZIE AVE,,,60618,4251,N,KEDZIE,AVE,false,false,,,16,33,,I012,2,17,1724,21,,13,6,6,1154294.262728,1928288.062069,41.959058068,-87.708147717,"(41.95905806820025, -87.70814771685204)",39,16,21538,214,20,33
SR22-00985513,Pushcart Food Vendor Complaint,CORNVEND,311 City Services,Health,Completed,Phone Call,06/10/2022 01:42:58 PM,08/18/2022 11:35:50 PM,08/18/2022 11:35:50 PM,4028 N KEDZIE AVE,,,60618,4028,N,KEDZIE,AVE,false,false,,,16,33,,H012,2,17,1724,11,,13,6,6,1154240.461951,1926739.509468,41.954809815,-87.70838703,"(41.95480981477831, -87.7083870296517)",39,16,21538,23,20,33
SR22-00963578,Pushcart Food Vendor Complaint,CORNVEND,,Health,Completed,Internet,06/07/2022 07:23:03 PM,08/18/2022 11:35:41 PM,08/18/2022 11:35:41 PM,905 N ST LOUIS AVE,,,60651,905,N,ST LOUIS,AVE,false,false,,,23,27,,H020,2,11,1121,3,,19,3,6,1152888.80106,1905851.521268,41.897518374,-87.713910696,"(41.89751837390746, -87.71391069595754)",5,24,4299,150,46,27
SR22-00955099,Pushcart Food Vendor Complaint,CORNVEND,,Health,Completed,Mobile Device,06/06/2022 06:19:03 PM,08/15/2022 09:30:32 AM,08/15/2022 09:30:32 AM,4122 W 47TH ST,,,60632,4122,W,47TH,ST,false,false,,,57,14,,F032,1,08,0815,2,,18,2,6,1149539.527157,1873155.812381,41.80786295,-87.727060142,"(41.80786294975734, -87.72706014170508)",56,54,22248,591,8,14
SR22-00937194,Pushcart Food Vendor Complaint,CORNVEND,,Health,Completed,Internet,06/03/2022 04:50:26 PM,08/02/2022 04:45:18 PM,08/02/2022 04:45:18 PM,1400 W GARFIELD BLVD,,,60609,1400,W,GARFIELD,BLVD,false,false,,,67,20,,M034,3,09,0934,21,,16,6,6,1167933.789439,1868280.300147,41.794108104,-87.659734711,"(41.79410810435277, -87.65973471072562)",37,59,22257,790,4,20
SR22-00931270,Pushcart Food Vendor Complaint,CORNVEND,,Health,Completed,Internet,06/02/2022 09:50:29 PM,06/21/2022 04:20:17 PM,06/21/2022 04:20:17 PM,1400 W GARFIELD BLVD,,,60609,1400,W,GARFIELD,BLVD,false,false,,,67,20,,M034,3,09,0934,21,,21,5,6,1167933.789439,1868280.300147,41.794108104,-87.659734711,"(41.79410810435277, -87.65973471072562)",37,59,22257,790,4,20
SR22-00929764,Pushcart Food Vendor Complaint,CORNVEND,311 City Services,Health,Completed,Phone Call,06/02/2022 03:55:25 PM,06/21/2022 04:25:26 PM,06/21/2022 04:25:26 PM,1400 W GARFIELD BLVD,,,60609,1400,W,GARFIELD,BLVD,false,false,,,67,20,,M034,3,09,0934,21,,15,5,6,1167933.789439,1868280.300147,41.794108104,-87.659734711,"(41.79410810435277, -87.65973471072562)",37,59,22257,790,4,20
SR22-00916063,Pushcart Food Vendor Complaint,CORNVEND,,Health,Completed,Internet,05/31/2022 08:39:12 PM,08/13/2022 12:10:16 AM,08/13/2022 12:10:16 AM,3356 W MARQUETTE RD,,,60629,3356,W,MARQUETTE,RD,false,false,,,66,17,,H038,3,08,0831,19,,20,3,5,1154882.229886,1859981.982077,41.771606946,-87.707815855,"(41.771606945747365, -87.70781585501199)",58,64,21867,293,6,14
SR22-00897158,Pushcart Food Vendor Complaint,CORNVEND,,Health,Canceled,Internet,05/28/2022 11:15:09 AM,05/31/2022 12:16:17 PM,05/31/2022 12:16:17 PM,2238 W 21ST ST,,,60608,2238,W,21ST,ST,false,false,,,31,25,,K026,3,12,1234,8,,11,7,5,1161592.14198,1890095.537046,41.854105643,-87.682383218,"(41.85410564347414, -87.68238321785796)",43,33,14920,4,26,25
SR22-00896723,Pushcart Food Vendor Complaint,CORNVEND,311 City Services,Health,Completed,Phone Call,05/28/2022 09:33:17 AM,08/09/2022 03:00:34 PM,08/09/2022 03:00:34 PM,2216 S KEDZIE AVE,,,60623,2216,S,KEDZIE,AVE,false,false,,,30,12,,H027,2,10,1024,14,,9,7,5,1155305.161523,1888977.954919,41.85116734,-87.705488981,"(41.8511673396192, -87.70548898098059)",57,32,21569,291,1,24
SR22-00892186,Pushcart Food Vendor Complaint,CORNVEND,,Health,Completed,Internet,05/27/2022 01:27:58 PM,08/10/2022 03:20:21 PM,08/10/2022 03:20:21 PM,1636 N CICERO AVE,,,60639,1636,N,CICERO,AVE,false,false,,,25,37,,D018,3,25,2533,22,,13,6,5,1144075.404557,1910639.154113,41.910826215,-87.746161208,"(41.91082621516864, -87.74616120752445)",2,26,22615,523,45,37
SR22-00889528,Pushcart Food Vendor Complaint,CORNVEND,311 City Services,Health,Completed,Phone Call,05/27/2022 08:42:07 AM,08/02/2022 12:15:25 PM,08/02/2022 12:15:25 PM,4701 S WESTERN BLVD,,,60609,4701,S,WESTERN,BLVD,false,false,,,61,15,,K033,2,09,0924,21,,8,6,5,1161310.356771,1873446.692648,41.808425191,-87.683879465,"(41.80842519149785, -87.68387946492172)",37,55,14924,687,3,15
SR22-00887146,Pushcart Food Vendor Complaint,CORNVEND,,Health,Completed,Mobile Device,05/26/2022 05:50:32 PM,08/24/2022 04:55:15 PM,08/24/2022 04:55:15 PM,4122 W 47TH ST,,,60632,4122,W,47TH,ST,false,false,,,57,14,,F032,1,08,0815,2,,17,5,5,1149539.527157,1873155.812381,41.80786295,-87.727060142,"(41.80786294975734, -87.72706014170508)",56,54,22248,591,8,14
SR22-00874695,Pushcart Food Vendor Complaint,CORNVEND,,Health,Completed,Internet,05/25/2022 09:20:08 AM,08/05/2022 04:03:18 PM,08/05/2022 04:03:18 PM,777 E GRAND AVE,,,60611,777,E,GRAND,AVE,false,false,,,8,42,,R021,3,18,1834,11,,9,4,5,1181847.564255,1904121.505579,41.892148163,-87.6076034,"(41.89214816253941, -87.60760339986935)",6,37,21182,159,36,42
SR22-00870261,Pushcart Food Vendor Complaint,CORNVEND,311 City Services,Health,Canceled,Phone Call,05/24/2022 02:05:32 PM,05/25/2022 09:25:07 AM,05/25/2022 09:25:07 AM,3822 W MONTROSE AVE,,,60618,3822,W,MONTROSE,AVE,false,false,,,14,35,,G011,2,17,1723,9,,14,3,5,1150010.215525,1929037.457881,41.961199151,-87.72387815,"(41.96119915080958, -87.72387815015054)",20,14,21538,119,12,33
SR22-00850890,Pushcart Food Vendor Complaint,CORNVEND,311 City Services,Health,Completed,Phone Call,05/21/2022 11:02:30 AM,08/17/2022 08:35:33 AM,08/17/2022 08:35:33 AM,2216 S KEDZIE AVE,,,60623,2216,S,KEDZIE,AVE,false,false,,,30,12,,H027,2,10,1024,14,,11,7,5,1155305.161523,1888977.954919,41.85116734,-87.705488981,"(41.8511673396192, -87.70548898098059)",57,32,21569,291,1,24
SR22-00850089,Pushcart Food Vendor Complaint,CORNVEND,311 City Services,Health,Completed,Phone Call,05/21/2022 08:00:34 AM,08/18/2022 11:35:31 PM,08/18/2022 11:35:31 PM,2101 N PULASKI RD,,,60647,2101,N,PULASKI,RD,false,false,,,22,26,,F017,2,25,2525,49,,8,7,5,1149373.107958,1913655.241277,41.919001478,-87.726620778,"(41.91900147835678, -87.7266207780962)",2,21,22615,76,49,35
SR22-00836904,Pushcart Food Vendor Complaint,CORNVEND,311 City Services,Health,Completed,Phone Call,05/19/2022 11:11:37 AM,08/23/2022 08:30:18 AM,08/23/2022 08:30:18 AM,2417 S KEELER AVE,,,60623,2417,S,KEELER,AVE,false,false,,,30,22,,F027,1,10,1013,17,,11,5,5,1148824.048351,1887457.43736,41.847122414,-87.729315569,"(41.84712241412331, -87.72931556856783)",57,32,21569,194,28,22
SR22-00823642,Pushcart Food Vendor Complaint,CORNVEND,,Health,Completed,Internet,05/17/2022 02:36:49 PM,08/12/2022 02:50:21 PM,08/12/2022 02:50:21 PM,5600 S ST LOUIS AVE,,,60629,5600,S,ST LOUIS,AVE,false,false,,,63,14,,H035,2,08,0822,3,,14,3,5,1153989.85471,1867225.782821,41.791502795,-87.710894829,"(41.79150279487569, -87.71089482927565)",58,61,21867,801,8,14
SR22-00822794,Pushcart Food Vendor Complaint,CORNVEND,311 City Services,Health,Canceled,Phone Call,05/17/2022 01:19:34 PM,05/17/2022 03:13:36 PM,05/17/2022 03:13:36 PM,3824 W MONTROSE AVE,,,60618,3824,W,MONTROSE,AVE,false,false,,,14,35,,G011,2,17,1723,9,,13,3,5,1149993.866004,1929037.457881,41.96119947,-87.72393826,"(41.961199469888626, -87.7239382601938)",20,14,21538,119,12,33
SR22-00815778,Pushcart Food Vendor Complaint,CORNVEND,,Health,Canceled,Internet,05/16/2022 02:32:19 PM,05/16/2022 02:58:04 PM,05/16/2022 02:58:04 PM,5601 S SAINT LOUIS AVE,,,60629,5601,S,SAINT LOUIS,AVE,false,false,,,63,14,,H035,2,08,0822,3,,14,2,5,1154071.442898,1867214.736845,41.791470862,-87.710595952,"(41.79147086174282, -87.71059595177105)",58,61,21867,801,8,14
SR22-00781499,Pushcart Food Vendor Complaint,CORNVEND,Alderman,Health,Completed,Alderman's Office,05/11/2022 09:49:16 AM,08/26/2022 08:20:10 AM,08/26/2022 08:20:10 AM,8300 S KOSTNER AVE,,,60652,8300,S,KOSTNER,AVE,false,false,,,70,18,,E042,3,08,0834,44,,9,4,5,1148518.178605,1849120.911326,41.741926929,-87.731423222,"(41.741926929336415, -87.73142322245596)",8,69,4300,197,30,18
SR22-00776977,Pushcart Food Vendor Complaint,CORNVEND,,Health,Completed,Alderman's Office,05/10/2022 03:22:09 PM,08/17/2022 08:40:41 AM,08/17/2022 08:40:41 AM,3141 W 26TH ST,,,60623,3141,W,26TH,ST,false,false,,,30,12,,I028,3,10,1033,15,,15,3,5,1155685.602382,1886488.900715,41.844329445,-87.704159601,"(41.844329444736275, -87.70415960084138)",57,32,21569,124,1,25
SR22-00761540,Pushcart Food Vendor Complaint,CORNVEND,311 City Services,Health,Completed,Phone Call,05/08/2022 02:30:14 PM,06/23/2022 04:55:19 PM,06/23/2022 04:55:19 PM,5957 S WESTERN AVE,,,60636,5957,S,WESTERN,AVE,false,false,,,66,16,,K036,2,08,0825,11,,14,1,5,1161406.440715,1864889.096416,41.784940046,-87.683764225,"(41.784940046107906, -87.68376422512158)",23,64,22257,111,2,16
SR22-00739898,Pushcart Food Vendor Complaint,CORNVEND,,Health,Completed,Internet,05/04/2022 03:04:55 PM,08/24/2022 04:50:20 PM,08/24/2022 04:50:20 PM,753 S CALIFORNIA AVE,,,60612,753,S,CALIFORNIA,AVE,false,false,,,27,28,,J024,3,11,1135,29,,15,4,5,1157910.250698,1896353.020907,41.871352631,-87.695726661,"(41.87135263131677, -87.6957266608402)",28,28,21184,38,23,28
SR22-00668346,Pushcart Food Vendor Complaint,CORNVEND,311 City Services,Health,Completed,Phone Call,04/23/2022 12:31:49 PM,08/02/2022 09:30:22 AM,08/02/2022 09:30:22 AM,6642 S CHAMPLAIN AVE,,,60637,6642,S,CHAMPLAIN,AVE,false,false,,,42,20,,R037,2,03,0321,18,,12,7,4,1181640.323843,1860913.972121,41.773588507,-87.609701214,"(41.77358850706932, -87.60970121431339)",60,9,22260,332,4,20
SR22-00661944,Pushcart Food Vendor Complaint,CORNVEND,,Health,Completed,Internet,04/22/2022 11:25:58 AM,06/24/2022 11:55:13 AM,06/24/2022 11:55:13 AM,4401 W THOMAS ST,,,60651,4401,W,THOMAS,ST,false,false,,,23,37,,E020,1,11,1111,21,,11,6,4,1146797.016385,1906849.081637,41.900374298,-87.736259787,"(41.90037429777967, -87.73625978722089)",5,24,4299,99,45,37
SR22-00646660,Pushcart Food Vendor Complaint,CORNVEND,311 City Services,Health,Completed,Phone Call,04/20/2022 09:29:00 AM,08/02/2022 12:15:18 PM,08/02/2022 12:15:18 PM,7800 S WOLCOTT AVE,,,60620,7800,S,WOLCOTT,AVE,false,false,,,71,17,,L040,1,06,0611,41,,9,4,4,1165044.131148,1852946.864539,41.752092752,-87.670764145,"(41.75209275233599, -87.67076414506657)",59,70,21554,573,31,17
SR22-00642692,Pushcart Food Vendor Complaint,CORNVEND,311 City Services,Health,Completed,Phone Call,04/19/2022 03:16:45 PM,08/03/2022 03:25:05 PM,08/03/2022 03:25:05 PM,5957 S WESTERN AVE,,,60636,5957,S,WESTERN,AVE,false,false,,,66,16,,K036,2,08,0825,11,,15,3,4,1161426.173653,1864918.071957,41.78501915,-87.683691073,"(41.7850191498011, -87.68369107266354)",23,64,22257,111,2,16
SR22-00621347,Pushcart Food Vendor Complaint,CORNVEND,311 City Services,Health,Completed,Phone Call,04/15/2022 02:11:32 PM,05/27/2022 01:00:26 PM,05/27/2022 01:00:26 PM,5957 S WESTERN AVE,,,60636,5957,S,WESTERN,AVE,false,false,,,66,16,,K036,2,08,0825,11,,14,6,4,1161426.173653,1864918.071957,41.78501915,-87.683691073,"(41.7850191498011, -87.68369107266354)",23,64,22257,111,2,16
SR22-00609992,Pushcart Food Vendor Complaint,CORNVEND,311 City Services,Health,Open,Phone Call,04/14/2022 07:58:56 AM,05/18/2022 03:06:44 PM,,1362 W FULLER ST,,,60608,1362,W,FULLER,ST,false,false,,,60,11,,M028,1,09,0913,1,,7,5,4,1167665.89166,1885864.036495,41.842365503,-87.660211973,"(41.842365502762654, -87.66021197296833)",43,58,14920,723,48,7
SR22-00601387,Pushcart Food Vendor Complaint,CORNVEND,311 City Services,Health,Completed,Phone Call,04/12/2022 07:11:14 PM,05/18/2022 04:45:08 PM,05/18/2022 04:45:08 PM,7100 S KEDZIE AVE,,,60629,7100,S,KEDZIE,AVE,false,false,,,66,17,,H039,3,08,0831,1,,19,3,4,1156236.383043,1857296.966341,41.764211716,-87.702924071,"(41.764211716303606, -87.70292407079347)",58,64,21867,349,31,17
SR22-00594186,Pushcart Food Vendor Complaint,CORNVEND,,Health,Completed,Internet,04/11/2022 05:15:33 PM,06/30/2022 09:55:28 PM,06/30/2022 09:55:28 PM,4252 W HENDERSON ST,,,60641,4252,W,HENDERSON,ST,false,false,,,16,30,,F014,3,17,1731,7,,17,2,4,1147253.939195,1921956.543722,41.941821891,-87.73419378,"(41.94182189141707, -87.73419378033852)",21,16,22618,329,21,30
SR22-00532808,Pushcart Food Vendor Complaint,CORNVEND,,Health,Completed,Internet,04/01/2022 04:40:16 PM,05/08/2022 03:55:04 PM,05/08/2022 03:55:04 PM,4401 W THOMAS ST,,,60651,4401,W,THOMAS,ST,false,false,,,23,37,,E020,1,11,1111,21,,16,6,4,1146797.016385,1906849.081637,41.900374298,-87.736259787,"(41.90037429777967, -87.73625978722089)",5,24,4299,99,45,37
SR22-00532160,Pushcart Food Vendor Complaint,CORNVEND,,Health,Completed,Internet,04/01/2022 03:15:13 PM,04/25/2022 04:05:05 PM,04/25/2022 04:05:05 PM,7051 S KEDZIE AVE,,,60629,7051,S,KEDZIE,AVE,false,false,,,66,17,,I038,3,08,0831,1,,15,6,4,1156291.652222,1857483.584328,41.764722713,-87.702716479,"(41.764722713298504, -87.70271647907167)",58,64,21867,383,31,17
SR22-00531544,Pushcart Food Vendor Complaint,CORNVEND,,Health,Completed,Mobile Device,04/01/2022 02:12:28 PM,04/04/2022 01:50:05 PM,04/04/2022 01:50:05 PM,3159 W REDFIELD DR,,,60629,3159,W,REDFIELD,DR,false,false,,,66,17,,I038,3,08,0831,1,,14,6,4,1156329.808079,1857621.350008,41.765099996,-87.702572923,"(41.76509999594632, -87.70257292319593)",58,64,21867,383,31,17
SR22-00495930,Pushcart Food Vendor Complaint,CORNVEND,311 City Services,Health,Completed,Phone Call,03/27/2022 11:41:34 AM,04/08/2022 04:35:10 PM,04/08/2022 04:35:10 PM,3834 W 26TH ST,,,60623,3834,W,26TH,ST,false,false,,,30,22,,G028,3,10,1031,4,,11,1,3,1151124.778587,1886447.664914,41.844306756,-87.720898261,"(41.84430675608746, -87.72089826148712)",57,32,21569,771,28,22
SR22-00474365,Pushcart Food Vendor Complaint,CORNVEND,,Health,Completed,Internet,03/23/2022 02:19:24 PM,04/07/2022 09:25:09 AM,04/07/2022 09:25:09 AM,11338 S CENTRAL PARK AVE,,,60655,11338,S,CENTRAL PARK,AVE,false,false,,,74,19,,G049,1,22,2211,11,,14,4,3,1154373.735349,1829008.133127,41.686619387,-87.710501403,"(41.68661938656208, -87.71050140349318)",33,73,4447,264,42,19
SR22-00459854,Pushcart Food Vendor Complaint,CORNVEND,311 City Services,Health,Completed,Phone Call,03/21/2022 02:52:18 PM,04/01/2022 10:50:08 AM,04/01/2022 10:50:08 AM,4246 W HENDERSON ST,,,60641,4246,W,HENDERSON,ST,false,false,,,16,30,,F014,3,17,1731,7,,14,2,3,1147298.143813,1922004.037339,41.94195137,-87.734030088,"(41.94195137005753, -87.73403008778367)",21,16,22618,329,21,30
SR22-00328815,Pushcart Food Vendor Complaint,CORNVEND,,Health,Completed,Mobile Device,02/28/2022 05:10:18 PM,03/03/2022 03:50:05 PM,03/03/2022 03:50:05 PM,1408 W MORSE AVE,,,60626,1408,W,MORSE,AVE,false,false,,,1,49,,M005,3,24,2431,23,,17,2,2,1165472.299443,1946284.065112,42.008208514,-87.666537638,"(42.00820851368385, -87.66653763788504)",9,10,21853,358,5,49
SR22-00273942,Pushcart Food Vendor Complaint,CORNVEND,,Health,Completed,Mobile Device,02/19/2022 12:26:09 PM,03/25/2022 09:50:08 AM,03/25/2022 09:50:08 AM,4117 W 25TH ST,,,60623,4117,W,25TH,ST,false,false,,,30,22,,F027,1,10,1013,17,,12,7,2,1149462.661987,1887002.166482,41.845860743,-87.726983636,"(41.84586074291152, -87.72698363645401)",57,32,21569,194,28,22
SR22-00249620,Pushcart Food Vendor Complaint,CORNVEND,311 City Services,Health,Completed,Phone Call,02/15/2022 02:58:56 PM,03/04/2022 03:30:05 PM,03/04/2022 03:30:05 PM,4900 S KARLOV AVE,,,60632,4900,S,KARLOV,AVE,false,false,,,57,14,,F033,1,08,0815,28,,14,3,2,1149856.400073,1871819.071607,41.804188596,-87.725932569,"(41.80418859633072, -87.72593256932043)",56,54,22248,697,8,14
SR22-00220100,Pushcart Food Vendor Complaint,CORNVEND,,Health,Completed,Internet,02/09/2022 09:15:10 PM,03/22/2022 12:00:19 PM,03/22/2022 12:00:19 PM,5934 N WINTHROP AVE,,,60660,5934,N,WINTHROP,AVE,false,false,,,77,48,,N008,2,20,2022,16,,21,4,2,1167784.715517,1939690.377209,41.990065576,-87.65822102,"(41.99006557603607, -87.65822102041741)",14,76,4451,213,16,48
SR22-00216255,Pushcart Food Vendor Complaint,CORNVEND,311 City Services,Health,Completed,Phone Call,02/09/2022 11:41:54 AM,03/25/2022 10:00:06 AM,03/25/2022 10:00:06 AM,4800 W 44TH ST,,,60638,4800,W,44TH,ST,false,false,,,56,22,,D032,1,08,0814,12,,11,4,2,1145095.805477,1875034.863625,41.81310422,-87.743311475,"(41.81310422019492, -87.74331147478576)",7,53,22248,604,28,22
SR22-00208582,Pushcart Food Vendor Complaint,CORNVEND,311 City Services,Health,Completed,Phone Call,02/08/2022 09:58:40 AM,03/24/2022 05:00:06 PM,03/24/2022 05:00:06 PM,2759 S CENTRAL PARK AVE,,,60623,2759,S,CENTRAL PARK,AVE,false,false,,,30,22,,H028,3,10,1032,9,,9,3,2,1152851.616914,1885223.722893,41.840914141,-87.714593369,"(41.840914141293446, -87.71459336889967)",57,32,21569,312,28,22
SR22-00172088,Pushcart Food Vendor Complaint,CORNVEND,,Health,Completed,Alderman's Office,02/01/2022 03:02:56 PM,03/04/2022 10:23:38 AM,03/04/2022 10:23:38 AM,2756 S PULASKI RD,,,60623,2756,S,PULASKI,RD,false,false,,,30,22,,F028,3,10,1031,24,,15,3,2,1150083.958286,1885131.137701,41.840714339,-87.724752165,"(41.84071433896242, -87.72475216469864)",57,32,21569,248,28,22
SR22-00137692,Pushcart Food Vendor Complaint,CORNVEND,,Health,Completed,Internet,01/26/2022 09:04:44 AM,03/04/2022 04:20:10 PM,03/04/2022 04:20:10 PM,8643 S KOMENSKY AVE,,,60652,8643,S,KOMENSKY,AVE,false,false,,,70,18,,F042,3,08,0834,36,,9,4,1,1150997.891427,1846773.53947,41.735437369,-87.72239854,"(41.73543736884181, -87.72239853962625)",8,69,4300,197,30,18
SR22-00055615,Pushcart Food Vendor Complaint,CORNVEND,,Health,Completed,Internet,01/11/2022 12:56:24 AM,01/18/2022 03:15:17 PM,01/18/2022 03:15:17 PM,2130 N PULASKI RD,,,60639,2130,N,PULASKI,RD,false,false,,,20,26,,F017,2,25,2525,49,,0,3,1,1149293.141726,1914011.036384,41.919979365,-87.726905341,"(41.919979365404316, -87.72690534135066)",2,21,22615,76,49,35
SR22-00034935,Pushcart Food Vendor Complaint,CORNVEND,Alderman,Health,Completed,Phone Call,01/07/2022 12:34:12 PM,03/02/2022 12:45:07 PM,03/02/2022 12:45:07 PM,8300 S KOSTNER AVE,,,60652,8300,S,KOSTNER,AVE,false,false,,,70,18,,E042,3,08,0834,44,,12,6,1,1148499.02373,1849086.345544,41.741832442,-87.731494292,"(41.74183244221693, -87.73149429229618)",8,69,4300,197,30,18
SR22-00031924,Pushcart Food Vendor Complaint,CORNVEND,,Health,Completed,Internet,01/06/2022 11:01:55 PM,03/25/2022 09:50:06 AM,03/25/2022 09:50:06 AM,4608 S CICERO AVE,,,60638,4608,S,CICERO,AVE,false,false,,,56,22,,D032,1,08,0814,1,,23,5,1,1144992.401164,1873577.824919,41.80910783,-87.743727439,"(41.80910782953114, -87.74372743910125)",7,53,22268,604,28,22
SR22-00007866,Pushcart Food Vendor Complaint,CORNVEND,,Health,Completed,Internet,01/03/2022 09:09:36 AM,02/03/2022 10:00:05 AM,02/03/2022 10:00:05 AM,4023 S ARCHER AVE,,,60632,4023,S,ARCHER,AVE,false,false,,,58,12,,J031,2,09,0921,13,,9,2,1,1158488.925405,1877622.112848,41.819941115,-87.69411397,"(41.81994111512998, -87.69411397003637)",56,55,22248,641,1,12
SR21-02168206,Pushcart Food Vendor Complaint,CORNVEND,311 City Services,Health,Completed,Phone Call,12/14/2021 03:07:49 PM,02/28/2022 12:54:01 PM,02/28/2022 12:54:01 PM,4900 S KARLOV AVE,,,60632,4900,S,KARLOV,AVE,false,false,,,57,14,,F033,1,08,0815,28,,15,3,12,1149783.228707,1871769.66576,41.804054438,-87.726202211,"(41.8040544380168, -87.72620221069913)",56,54,22248,697,8,14
SR21-02160257,Pushcart Food Vendor Complaint,CORNVEND,311 City Services,Health,Completed,Phone Call,12/13/2021 01:12:09 PM,04/04/2022 03:00:05 PM,04/04/2022 03:00:05 PM,8300 S KOSTNER AVE,,,60652,8300,S,KOSTNER,AVE,false,false,,,70,18,,E042,3,08,0834,44,,13,2,12,1148499.02373,1849086.345544,41.741832442,-87.731494292,"(41.74183244221693, -87.73149429229618)",8,69,4300,197,30,18
SR21-02141931,Pushcart Food Vendor Complaint,CORNVEND,311 City Services,Health,Completed,Phone Call,12/10/2021 08:20:15 AM,12/23/2021 12:40:03 PM,12/23/2021 12:40:03 PM,1815 N KOSTNER AVE,,,60639,1815,N,KOSTNER,AVE,false,false,,,20,35,,F018,3,25,2534,16,,8,6,12,1146797.289608,1911812.655028,41.913994854,-87.736131853,"(41.91399485403174, -87.73613185295461)",2,21,22615,135,12,26
SR21-01972196,Pushcart Food Vendor Complaint,CORNVEND,,Health,Completed,Internet,11/09/2021 04:21:25 PM,02/25/2022 02:41:36 PM,02/25/2022 02:41:36 PM,6958 W 65TH ST,,,60638,6958,W,65TH,ST,false,false,,,64,23,,Y137,1,08,0812,,,16,3,11,1130870.415061,1860614.669909,41.773788685,-87.795822617,"(41.77378868455004, -87.79582261706928)",7,62,22268,336,6,
SR21-01959982,Pushcart Food Vendor Complaint,CORNVEND,,Health,Completed,Internet,11/07/2021 11:37:34 PM,12/22/2021 04:10:23 PM,12/22/2021 04:10:23 PM,5934 N WINTHROP AVE,,,60660,5934,N,WINTHROP,AVE,false,false,,,77,48,,N008,2,20,2022,16,,23,1,11,1167784.715517,1939690.377209,41.990065576,-87.65822102,"(41.99006557603607, -87.65822102041741)",14,76,4451,213,16,48
SR21-01922933,Pushcart Food Vendor Complaint,CORNVEND,311 City Services,Health,Completed,Phone Call,11/01/2021 12:26:46 AM,12/23/2021 01:55:04 PM,12/23/2021 01:55:04 PM,2202 S MARSHALL BLVD,,,60623,2202,S,MARSHALL,BLVD,false,false,,,30,12,,I027,3,10,1033,7,,0,2,11,1156907.100972,1889175.420058,41.851676915,-87.699604131,"(41.85167691530592, -87.69960413081131)",57,32,21569,262,1,24
SR21-01919594,Pushcart Food Vendor Complaint,CORNVEND,,Health,Completed,Mobile Device,10/30/2021 08:34:51 PM,12/28/2021 03:30:04 PM,12/28/2021 03:30:04 PM,2081 S LEAVITT ST,,,60608,2081,S,LEAVITT,ST,false,false,,,31,25,,K026,3,12,1234,30,,20,7,10,1162031.801075,1890095.736053,41.854097032,-87.680769491,"(41.85409703206591, -87.68076949057486)",43,33,14920,4,26,25
SR21-01902725,Pushcart Food Vendor Complaint,CORNVEND,311 City Services,Health,Completed,Phone Call,10/27/2021 03:47:45 PM,09/13/2022 09:10:15 AM,09/13/2022 09:10:15 AM,5500 S KEDZIE AVE,,,60629,5500,S,KEDZIE,AVE,false,false,,,63,14,,H035,2,08,0822,3,,15,4,10,1155975.985339,1867942.919487,41.793431029,-87.703592749,"(41.79343102926482, -87.70359274934727)",58,61,22248,801,8,14
SR21-01902438,Pushcart Food Vendor Complaint,CORNVEND,Alderman,Health,Completed,Alderman's Office,10/27/2021 03:12:34 PM,03/23/2022 08:55:06 AM,03/23/2022 08:55:06 AM,5258 S SPAULDING AVE,,,60632,5258,S,SPAULDING,AVE,false,false,,,63,14,,H034,2,08,0822,6,,15,4,10,1155202.450872,1869331.422563,41.797256794,-87.706392127,"(41.797256793505234, -87.70639212678071)",56,61,22248,776,8,14
SR21-01871388,Pushcart Food Vendor Complaint,CORNVEND,311 City Services,Health,Completed,Phone Call,10/22/2021 02:57:45 PM,09/07/2022 10:40:05 AM,09/07/2022 10:40:05 AM,2373 N MILWAUKEE AVE,,,60647,2373,N,MILWAUKEE,AVE,false,false,,,22,1,,I017,1,14,1414,19,,14,6,10,1156683.445205,1915671.148498,41.924388225,-87.699706935,"(41.92438822547569, -87.69970693534147)",1,23,22535,322,41,1
SR21-01845282,Pushcart Food Vendor Complaint,CORNVEND,311 City Services,Health,Completed,Phone Call,10/18/2021 02:08:28 PM,09/06/2022 12:35:14 PM,09/06/2022 12:35:14 PM,2560 W CERMAK RD,,,60608,2560,W,CERMAK,RD,false,false,,,30,28,,J027,3,10,1034,19,,14,2,10,1159373.490244,1889303.183627,41.851977207,-87.690548324,"(41.85197720717706, -87.6905483236565)",43,32,14920,203,14,25
SR21-01811207,Pushcart Food Vendor Complaint,CORNVEND,311 City Services,Health,Completed,Phone Call,10/12/2021 03:43:18 PM,01/19/2022 11:45:05 AM,01/19/2022 11:45:05 AM,7031 S MERRILL AVE,,,60649,7031,S,MERRILL,AVE,false,false,,,43,5,,V038,3,03,0331,38,,15,3,10,1191910.936878,1858595.542985,41.766983249,-87.572127222,"(41.76698324892581, -87.57212722240453)",24,39,22538,152,33,3
SR21-01795309,Pushcart Food Vendor Complaint,CORNVEND,,Health,Canceled,Internet,10/09/2021 06:41:13 PM,11/19/2021 03:06:23 PM,11/19/2021 03:06:23 PM,4221 W NORTH AVE,,,60639,4221,W,NORTH,AVE,false,false,,,23,26,,F019,3,25,2534,15,,18,7,10,1147830.043553,1910206.656694,41.909568038,-87.732379,"(41.909568038425355, -87.73237900044106)",5,24,22615,286,49,36
SR21-01755942,Pushcart Food Vendor Complaint,CORNVEND,311 City Services,Health,Completed,Phone Call,10/03/2021 10:12:49 AM,12/22/2021 04:10:25 PM,12/22/2021 04:10:25 PM,4219 W NORTH AVE,,,60639,4219,W,NORTH,AVE,false,false,,,23,26,,F019,3,25,2534,15,,10,1,10,1147848.643908,1910198.8304,41.909546205,-87.732310872,"(41.9095462046578, -87.73231087154815)",5,24,22615,286,49,36
SR21-01660024,Pushcart Food Vendor Complaint,CORNVEND,311 City Services,Health,Completed,Phone Call,09/16/2021 09:13:18 PM,10/15/2021 04:45:08 PM,10/15/2021 04:45:08 PM,4710 W MADISON ST,,,60644,4710,W,MADISON,ST,false,false,,,25,28,,E022,1,11,1113,21,,21,5,9,1144919.920077,1899613.388851,41.880554363,-87.743337261,"(41.880554363310125, -87.7433372611429)",32,26,22216,696,23,28
SR21-01658209,Pushcart Food Vendor Complaint,CORNVEND,311 City Services,Health,Completed,Phone Call,09/16/2021 03:41:31 PM,10/25/2021 04:55:04 PM,10/25/2021 04:55:04 PM,5111 N PULASKI RD,,,60625,5111,N,PULASKI,RD,false,false,,,14,39,,F010,1,17,1712,38,,15,5,9,1148787.199213,1934254.867294,41.975539873,-87.728239174,"(41.97553987251367, -87.72823917446541)",48,13,21869,748,38,39
SR21-01652140,Pushcart Food Vendor Complaint,CORNVEND,,Health,Completed,Internet,09/15/2021 06:34:04 PM,02/25/2022 01:51:02 PM,02/25/2022 01:51:02 PM,60 E ADAMS ST,,,60603,60,E,ADAMS,ST,false,false,,,32,42,,Q023,1,01,0112,33,,18,4,9,1177018.277809,1899497.796206,41.879571172,-87.62547914,"(41.87957117233491, -87.62547913969712)",34,38,14311,367,36,34
SR21-01650838,Pushcart Food Vendor Complaint,CORNVEND,311 City Services,Health,Canceled,Phone Call,09/15/2021 03:12:07 PM,09/16/2021 12:00:21 PM,09/16/2021 12:00:21 PM,151 N MICHIGAN AVE,,,60601,151,N,MICHIGAN,AVE,false,false,,,32,42,,Q022,1,01,0114,42,,15,4,9,1177372.464181,1901363.40848,41.884682491,-87.624122026,"(41.88468249098787, -87.62412202585841)",42,38,14309,580,36,34
SR21-01640711,Pushcart Food Vendor Complaint,CORNVEND,311 City Services,Health,Completed,Phone Call,09/14/2021 11:24:13 AM,10/15/2021 04:20:07 PM,10/15/2021 04:20:07 PM,2759 S CENTRAL PARK AVE,,,60623,2759,S,CENTRAL PARK,AVE,false,false,,,30,22,,H028,3,10,1032,9,,11,3,9,1152902.058893,1885202.793411,41.840855711,-87.714408817,"(41.84085571087398, -87.71440881730001)",57,32,21569,312,28,22
SR21-01634984,Pushcart Food Vendor Complaint,CORNVEND,311 City Services,Health,Completed,Phone Call,09/13/2021 03:00:31 PM,11/02/2021 11:20:04 AM,11/02/2021 11:20:04 AM,2515 S TROY ST,,,60623,2515,S,TROY,ST,false,false,,,30,12,,I027,3,10,1033,15,,15,2,9,1155843.391355,1887049.786878,41.845865408,-87.703565445,"(41.8458654084637, -87.70356544499512)",57,32,21569,261,1,25
SR21-01628563,Pushcart Food Vendor Complaint,CORNVEND,,Health,Completed,Internet,09/12/2021 08:13:03 PM,10/26/2021 08:20:03 AM,10/26/2021 08:20:03 AM,2218 N KOSTNER AVE,,,60639,2218,N,KOSTNER,AVE,false,false,,,20,36,,E017,2,25,2522,11,,20,1,9,1146610.521702,1914489.267707,41.921343311,-87.736749607,"(41.92134331143258, -87.73674960710086)",2,21,22615,75,44,26
SR21-01588950,Pushcart Food Vendor Complaint,CORNVEND,,Health,Open,Internet,09/06/2021 10:34:00 PM,09/06/2021 10:34:01 PM,,820 E 48TH ST,,,60615,820,E,48TH,ST,false,false,,,39,4,,S033,2,02,0223,26,,22,2,9,1182643.54239,1873439.822806,41.807937314,-87.60563502,"(41.80793731429103, -87.60563501957844)",10,5,21192,461,10,9
SR21-01507459,Pushcart Food Vendor Complaint,CORNVEND,311 City Services,Health,Completed,Phone Call,08/24/2021 03:47:28 PM,09/09/2022 09:40:24 PM,09/09/2022 09:40:24 PM,1450 N CICERO AVE,,,60651,1450,N,CICERO,AVE,false,false,,,25,37,,D019,3,25,2533,22,,15,3,8,1144100.385158,1909426.657751,41.907498525,-87.746099932,"(41.90749852498003, -87.74609993176432)",5,26,4299,600,45,37
SR21-01477951,Pushcart Food Vendor Complaint,CORNVEND,311 City Services,Health,Completed,Phone Call,08/19/2021 03:47:22 PM,09/20/2021 01:25:04 PM,09/20/2021 01:25:04 PM,6300 S LAKE SHORE DR,,,60649,6300,S,LAKE SHORE,DR,false,false,,,42,5,,V037,3,03,0331,25,,15,5,8,1191139.458344,1863593.148298,41.78071576,-87.574793384,"(41.78071575997929, -87.5747933839896)",24,9,22538,134,33,3
SR21-01469051,Pushcart Food Vendor Complaint,CORNVEND,,Health,Completed,Internet,08/18/2021 01:07:24 PM,09/21/2021 09:05:06 AM,09/21/2021 09:05:06 AM,5644 S NARRAGANSETT AVE,,,60638,5644,S,NARRAGANSETT,AVE,false,false,,,56,13,,Z135,1,08,0811,42,,13,4,8,1134614.643118,1866245.788923,41.789176487,-87.781964359,"(41.789176486886916, -87.78196435916509)",7,53,22268,589,15,13
SR21-01456539,Pushcart Food Vendor Complaint,CORNVEND,311 City Services,Health,Completed,Phone Call,08/16/2021 06:11:01 PM,08/20/2021 01:40:07 PM,08/20/2021 01:40:07 PM,3733 W BELMONT AVE,,,60618,3733,W,BELMONT,AVE,false,false,,,21,30,,G015,2,25,2523,25,,18,2,8,1150829.471838,1921017.81242,41.939176608,-87.721076732,"(41.93917660804593, -87.7210767315284)",39,22,21538,138,21,30
SR21-01393414,Pushcart Food Vendor Complaint,CORNVEND,,Health,Completed,Internet,08/06/2021 05:24:11 PM,08/23/2021 04:10:11 PM,08/23/2021 04:10:11 PM,2037 N LA CROSSE AVE,,,60639,2037,N,LA CROSSE,AVE,false,false,,,19,36,,D017,2,25,2522,6,,17,6,8,1143773.11307,1913270.468602,41.918052494,-87.74720567,"(41.918052494218585, -87.7472056700732)",2,19,22615,306,44,26
SR21-01369567,Pushcart Food Vendor Complaint,CORNVEND,311 City Services,Health,Completed,Phone Call,08/03/2021 04:53:52 PM,08/18/2021 09:35:10 AM,08/18/2021 09:35:10 AM,2800 S CENTRAL PARK AVE,,,60623,2800,S,CENTRAL PARK,AVE,false,false,,,30,22,,G028,3,10,1032,7,,16,3,8,1152750.504454,1885109.915532,41.840603838,-87.714967424,"(41.84060383790859, -87.71496742435637)",57,32,21569,234,28,22
SR21-01369513,Pushcart Food Vendor Complaint,CORNVEND,311 City Services,Health,Completed,Phone Call,08/03/2021 04:46:08 PM,08/26/2021 09:40:05 AM,08/26/2021 09:40:05 AM,3733 W BELMONT AVE,,,60618,3733,W,BELMONT,AVE,false,false,,,21,30,,G015,2,25,2523,25,,16,3,8,1150829.471838,1921017.81242,41.939176608,-87.721076732,"(41.93917660804593, -87.7210767315284)",39,22,21538,138,21,30
SR21-01366295,Pushcart Food Vendor Complaint,CORNVEND,,Health,Completed,Internet,08/03/2021 11:31:19 AM,08/20/2021 12:40:07 PM,08/20/2021 12:40:07 PM,5654 S TRUMBULL AVE,,,60629,5654,S,TRUMBULL,AVE,false,false,,,63,14,,H035,2,08,0822,3,,11,3,8,1154268.39432,1866685.789122,41.790015435,-87.709887828,"(41.790015434666344, -87.70988782772395)",58,61,21867,801,8,14
SR21-01350342,Pushcart Food Vendor Complaint,CORNVEND,,Health,Completed,Mobile Device,08/01/2021 10:34:20 AM,08/20/2021 12:45:04 PM,08/20/2021 12:45:04 PM,6030 S MONITOR AVE,,,60638,6030,S,MONITOR,AVE,false,false,,,64,13,,B036,1,08,0812,8,,10,1,8,1138362.393667,1863829.2897,41.782478407,-87.768280529,"(41.782478406855226, -87.76828052936551)",7,62,22268,265,15,13
SR21-01336270,Pushcart Food Vendor Complaint,CORNVEND,,Health,Completed,Internet,07/29/2021 08:30:53 PM,08/12/2021 12:15:07 PM,08/12/2021 12:15:07 PM,8300 S KOSTNER AVE,,,60652,8300,S,KOSTNER,AVE,false,false,,,70,18,,E042,3,08,0834,44,,20,5,7,1148518.178605,1849120.911326,41.741926929,-87.731423222,"(41.741926929336415, -87.73142322245596)",8,69,4300,197,30,18
SR21-01323855,Pushcart Food Vendor Complaint,CORNVEND,,Health,Completed,Internet,07/28/2021 01:08:23 PM,08/10/2021 08:55:07 AM,08/10/2021 08:55:07 AM,4028 N KEDZIE AVE,,,60618,4028,N,KEDZIE,AVE,false,false,,,16,33,,H012,2,17,1724,11,,13,4,7,1154240.461951,1926739.509468,41.954809815,-87.70838703,"(41.95480981477831, -87.7083870296517)",39,16,21538,23,20,33
SR21-01304718,Pushcart Food Vendor Complaint,CORNVEND,,Health,Completed,Internet,07/26/2021 10:31:50 AM,08/06/2021 08:55:16 AM,08/06/2021 08:55:16 AM,4701 S KOLIN AVE,,,60632,4701,S,KOLIN,AVE,false,false,,,57,14,,F033,1,08,0815,7,,10,2,7,1148159.952927,1873079.837111,41.807681056,-87.732122076,"(41.807681056395225, -87.73212207579111)",56,54,22248,697,8,14
SR21-01269410,Pushcart Food Vendor Complaint,CORNVEND,,Health,Open,Mobile Device,07/20/2021 06:16:11 PM,07/21/2021 09:21:25 AM,,1371 S CALIFORNIA BLVD,,,60608,1371,S,CALIFORNIA,BLVD,false,false,,,29,28,,J025,2,10,1023,34,,18,3,7,1158009.323533,1893194.23344,41.862682576,-87.6954491,"(41.86268257587737, -87.69544909987643)",43,30,14920,16,23,28
SR21-01261784,Pushcart Food Vendor Complaint,CORNVEND,,Health,Completed,Internet,07/19/2021 10:35:38 PM,07/26/2021 04:35:15 PM,07/26/2021 04:35:15 PM,4301 W 47TH ST,,,60632,4301,W,47TH,ST,false,false,,,57,14,,F033,1,08,0815,7,,22,2,7,1148440.87827,1873051.159864,41.807596964,-87.731092441,"(41.80759696444747, -87.73109244122554)",56,54,22248,697,8,14
SR21-01256947,Pushcart Food Vendor Complaint,CORNVEND,311 City Services,Health,Completed,Phone Call,07/19/2021 11:59:47 AM,07/28/2021 09:20:05 AM,07/28/2021 09:20:05 AM,8300 S HOLLAND RD,,,60620,8300,S,HOLLAND,RD,false,false,,,44,21,,P042,2,06,0622,53,,11,2,7,1175635.355803,1849916.407806,41.743546431,-87.632042614,"(41.7435464311407, -87.63204261388834)",59,40,21554,1,13,4
SR21-01247802,Pushcart Food Vendor Complaint,CORNVEND,,Health,Canceled,Internet,07/17/2021 05:53:28 PM,07/21/2021 10:36:20 AM,07/21/2021 10:36:20 AM,1040 E 79TH ST,,,60619,1040,E,79TH,ST,false,false,,,69,8,,S040,2,06,0624,16,,17,7,7,1184722.357997,1852911.161396,41.751556304,-87.598653842,"(41.751556303861456, -87.59865384233025)",61,67,21546,497,35,10
SR21-01197399,Pushcart Food Vendor Complaint,CORNVEND,,Health,Completed,Mobile Device,07/10/2021 11:50:24 AM,08/15/2021 06:30:04 PM,08/15/2021 06:30:04 PM,4338 W WABANSIA AVE,,,60639,4338,W,WABANSIA,AVE,false,false,,,23,36,,F018,3,25,2534,12,,11,7,7,1147097.994194,1911322.696965,41.912644609,-87.735039663,"(41.91264460892427, -87.73503966282438)",2,24,22615,285,44,26
SR21-01195775,Pushcart Food Vendor Complaint,CORNVEND,311 City Services,Health,Completed,Phone Call,07/09/2021 11:20:50 PM,12/22/2021 04:10:01 PM,12/22/2021 04:10:01 PM,2202 S MARSHALL BLVD,,,60623,2202,S,MARSHALL,BLVD,false,false,,,30,12,,I027,3,10,1033,7,,23,6,7,1156907.101456,1889175.420866,41.851676918,-87.699604129,"(41.8516769175148, -87.69960412901293)",57,32,21569,262,1,24
SR21-01177233,Pushcart Food Vendor Complaint,CORNVEND,311 City Services,Health,Canceled,Phone Call,07/07/2021 03:29:12 PM,08/18/2022 02:47:51 PM,08/18/2022 02:47:51 PM,3117 S RHODES AVE,,,60616,3117,S,RHODES,AVE,false,false,,,35,4,,R029,1,02,0211,35,,15,4,7,1180420.095763,1884351.29076,41.837930592,-87.613454647,"(41.8379305915353, -87.61345464668571)",40,1,21194,581,10,9
SR21-01161601,Pushcart Food Vendor Complaint,CORNVEND,,Health,Canceled,Mobile Device,07/05/2021 07:00:06 PM,08/18/2022 08:25:17 AM,08/18/2022 08:25:17 AM,1371 S CALIFORNIA BLVD,,,60608,1371,S,CALIFORNIA,BLVD,false,false,,,29,28,,J025,2,10,1023,34,,19,2,7,1158009.323533,1893194.23344,41.862682576,-87.6954491,"(41.86268257587737, -87.69544909987643)",43,30,14920,16,23,28
SR21-01161587,Pushcart Food Vendor Complaint,CORNVEND,,Health,Canceled,Mobile Device,07/05/2021 06:56:30 PM,08/18/2022 08:23:12 AM,08/18/2022 08:23:12 AM,1315 S CALIFORNIA BLVD,,,60608,1315,S,CALIFORNIA,BLVD,false,false,,,29,28,,J025,2,10,1023,34,,18,2,7,1157925.877557,1893776.68969,41.864282597,-87.695739542,"(41.86428259735733, -87.69573954185168)",43,30,14920,16,23,28
SR21-01145831,Pushcart Food Vendor Complaint,CORNVEND,311 City Services,Health,Canceled,Phone Call,07/02/2021 02:59:36 PM,08/16/2022 01:54:38 PM,08/16/2022 01:54:38 PM,5140 W HIRSCH ST,,,60651,5140,W,HIRSCH,ST,false,false,,,25,37,,D019,3,25,2533,31,,14,6,7,1141663.118136,1908834.195679,41.905918179,-87.755067902,"(41.90591817939488, -87.75506790203092)",5,26,4299,600,45,37
SR21-01114900,Pushcart Food Vendor Complaint,CORNVEND,,Health,Completed,Internet,06/29/2021 12:00:51 AM,03/23/2022 08:55:10 AM,03/23/2022 08:55:10 AM,4345 W 47TH ST,,,60632,4345,W,47TH,ST,false,false,,,57,14,,F033,1,08,0815,7,,0,3,6,1147977.643544,1873033.788175,41.807558189,-87.732791926,"(41.80755818890063, -87.73279192632839)",56,54,22248,697,8,14
SR21-01106226,Pushcart Food Vendor Complaint,CORNVEND,,Health,Canceled,Mobile Device,06/27/2021 09:38:00 PM,08/16/2022 08:46:08 AM,08/16/2022 08:46:08 AM,5524 S KENNETH AVE,,,60629,5524,S,KENNETH,AVE,false,false,,,62,13,,E035,1,08,0813,7,,21,1,6,1147573.858026,1867491.037049,41.792355757,-87.734414567,"(41.79235575662821, -87.73441456721999)",58,60,21867,773,15,13
SR21-01095758,Pushcart Food Vendor Complaint,CORNVEND,,Health,Completed,Mobile Device,06/25/2021 05:54:08 PM,12/28/2021 10:15:07 AM,12/28/2021 10:15:07 AM,2358 S RIDGEWAY AVE,,,60623,2358,S,RIDGEWAY,AVE,false,false,,,30,22,,G027,1,10,1013,14,,17,6,6,1151673.069084,1887846.193226,41.848133745,-87.718849389,"(41.84813374501032, -87.71884938907013)",57,32,21569,754,28,22
SR21-01027970,Pushcart Food Vendor Complaint,CORNVEND,311 City Services,Health,Completed,Phone Call,06/16/2021 01:30:29 PM,02/28/2022 12:06:24 PM,02/28/2022 12:06:24 PM,2242 S WHIPPLE ST,,,60623,2242,S,WHIPPLE,ST,false,false,,,30,12,,I027,3,10,1033,22,,13,4,6,1156316.142222,1888760.787292,41.850551063,-87.7017843,"(41.85055106346038, -87.70178430044352)",57,32,21569,261,1,24
SR21-01006717,Pushcart Food Vendor Complaint,CORNVEND,311 City Services,Health,Completed,Phone Call,06/13/2021 09:39:03 PM,12/22/2021 04:12:00 PM,12/22/2021 04:12:00 PM,4831 S KEDVALE AVE,,,60632,4831,S,KEDVALE,AVE,false,false,,,57,14,,F033,1,08,0815,28,,21,1,6,1149589.017018,1872132.556286,41.805054026,-87.726905105,"(41.8050540258615, -87.72690510469783)",56,54,22248,697,8,14
SR21-01001080,Pushcart Food Vendor Complaint,CORNVEND,,Health,Completed,Internet,06/12/2021 05:34:05 PM,06/25/2021 10:50:03 PM,06/25/2021 10:50:03 PM,5015 S CARPENTER ST,,,60609,5015,S,CARPENTER,ST,false,false,,,61,20,,N033,3,09,0933,4,,17,7,6,1170238.270132,1871483.77402,41.80284893,-87.651191081,"(41.802848929958934, -87.65119108132276)",37,59,14924,708,4,20
SR21-00969574,Pushcart Food Vendor Complaint,CORNVEND,311 City Services,Health,Completed,Phone Call,06/08/2021 10:16:51 AM,07/19/2021 08:40:08 AM,07/19/2021 08:40:08 AM,3518 W LAWRENCE AVE,,,60625,3518,W,LAWRENCE,AVE,false,false,,,14,33,,H010,1,17,1712,7,,10,3,6,1152000.69278,1931791.38948,41.96871704,-87.716487151,"(41.96871704013268, -87.7164871506987)",20,14,21849,750,20,33
SR21-00966314,Pushcart Food Vendor Complaint,CORNVEND,311 City Services,Health,Completed,Phone Call,06/07/2021 07:02:33 PM,06/08/2021 11:04:41 AM,06/08/2021 11:04:41 AM,6916 N CLARK ST,,,60626,6916,N,CLARK,ST,false,false,,,1,49,,L005,2,24,2424,10,,19,2,6,1163480.581424,1945854.294325,42.007071547,-87.673877809,"(42.007071546990566, -87.67387780903992)",9,10,21853,49,5,49
SR21-00964567,Pushcart Food Vendor Complaint,CORNVEND,311 City Services,Health,Completed,Phone Call,06/07/2021 02:17:11 PM,07/06/2021 11:15:10 AM,07/06/2021 11:15:10 AM,6200 S CALIFORNIA AVE,,,60629,6200,S,CALIFORNIA,AVE,false,false,,,66,16,,I036,2,08,0823,17,,14,2,6,1158697.290617,1863366.660703,41.780818001,-87.693738717,"(41.780818001004, -87.69373871653579)",58,64,21867,182,2,16
SR21-00935021,Pushcart Food Vendor Complaint,CORNVEND,,Health,Completed,Mobile Device,06/02/2021 03:42:49 PM,07/06/2021 10:10:08 AM,07/06/2021 10:10:08 AM,7007 S MERRILL AVE,,,60649,7007,S,MERRILL,AVE,false,false,,,43,5,,V038,3,03,0331,38,,15,4,6,1191766.959071,1858882.283644,41.767773583,-87.572645654,"(41.76777358298222, -87.57264565446678)",24,39,22538,152,33,3
SR21-00884113,Pushcart Food Vendor Complaint,CORNVEND,,Health,Completed,Internet,05/25/2021 11:25:39 PM,06/17/2021 04:55:06 PM,06/17/2021 04:55:06 PM,4311 W 47TH ST,,,60632,4311,W,47TH,ST,false,false,,,57,14,,F033,1,08,0815,7,,23,3,5,1148361.044215,1873053.925224,41.807606088,-87.731385183,"(41.807606087762615, -87.73138518333701)",56,54,22248,697,8,14
SR21-00883990,Pushcart Food Vendor Complaint,CORNVEND,,Health,Completed,Mobile Device,05/25/2021 10:20:43 PM,07/06/2021 09:55:22 AM,07/06/2021 09:55:22 AM,2215 S ROCKWELL ST,,,60608,2215,S,ROCKWELL,ST,false,false,,,30,28,,J027,3,10,1034,19,,22,3,5,1159388.091425,1889136.156591,41.851518567,-87.690499322,"(41.851518567212175, -87.69049932248721)",43,32,14920,263,23,28
SR21-00858664,Pushcart Food Vendor Complaint,CORNVEND,,Health,Completed,Mobile Device,05/21/2021 04:08:21 PM,06/22/2021 02:15:15 PM,06/22/2021 02:15:15 PM,3558 N LAVERGNE AVE,,,60641,3558,N,LAVERGNE,AVE,false,false,,,15,31,,D014,3,16,1634,11,,16,6,5,1142386.806145,1923437.413012,41.945977492,-87.752045847,"(41.94597749232234, -87.75204584708264)",21,15,22618,114,17,31
SR21-00856038,Pushcart Food Vendor Complaint,CORNVEND,,Health,Canceled,Internet,05/21/2021 11:25:36 AM,05/21/2021 05:40:04 PM,05/21/2021 05:40:04 PM,5001 W ADDISON ST,,,60641,5001,W,ADDISON,ST,false,false,,,15,31,,D014,3,16,1634,11,,11,6,5,1142349.682518,1923385.486237,41.945835691,-87.752183597,"(41.94583569118396, -87.7521835967538)",21,15,22618,114,17,31
SR21-00829133,Pushcart Food Vendor Complaint,CORNVEND,,Health,Completed,Mobile Device,05/19/2021 08:08:55 AM,06/22/2021 02:15:08 PM,06/22/2021 02:15:08 PM,2635 N MULLIGAN AVE,,,60639,2635,N,MULLIGAN,AVE,false,false,,,19,30,,A016,1,25,2512,29,,8,4,5,1133638.006073,1916982.537742,41.928422896,-87.784355938,"(41.92842289621277, -87.78435593779693)",2,19,22615,78,21,36
SR21-00808466,Pushcart Food Vendor Complaint,CORNVEND,311 City Services,Health,Completed,Phone Call,05/16/2021 01:00:41 PM,06/03/2021 03:25:07 PM,06/03/2021 03:25:07 PM,4302 S ASHLAND AVE,,,60609,4302,S,ASHLAND,AVE,false,false,,,61,15,,L032,2,09,0924,1,,13,1,5,1166394.348971,1876201.823208,41.815878639,-87.665153947,"(41.81587863946063, -87.6651539471304)",37,59,14924,706,1,12
SR21-00797678,Pushcart Food Vendor Complaint,CORNVEND,311 City Services,Health,Completed,Phone Call,05/14/2021 10:52:33 AM,05/17/2021 09:23:47 AM,05/17/2021 09:23:47 AM,12701 S EMERALD AVE,,,60628,12701,S,EMERALD,AVE,false,false,,,53,34,,O053,2,05,0523,26,,10,6,5,1173637.831683,1820646.435413,41.663269689,-87.640224805,"(41.66326968898552, -87.64022480491631)",19,50,21861,7,22,11
SR21-00792454,Pushcart Food Vendor Complaint,CORNVEND,311 City Services,Health,Completed,Phone Call,05/13/2021 02:00:22 PM,06/03/2021 03:25:04 PM,06/03/2021 03:25:04 PM,3700 S ASHLAND AVE,,,60609,3700,S,ASHLAND,AVE,false,false,,,59,12,,L030,1,09,0912,23,,14,5,5,1166143.805098,1880093.133387,41.826562157,-87.665962122,"(41.82656215730217, -87.66596212177156)",37,56,14924,721,1,7
SR21-00784764,Pushcart Food Vendor Complaint,CORNVEND,311 City Services,Health,Completed,Phone Call,05/12/2021 01:22:16 PM,06/02/2021 08:25:04 AM,06/02/2021 08:25:04 AM,1559 S PULASKI RD,,,60623,1559,S,PULASKI,RD,false,false,,,29,24,,G025,1,10,1014,15,,13,4,5,1149989.21828,1891781.891253,41.858966685,-87.724926915,"(41.85896668512895, -87.72492691541198)",57,30,21569,33,14,24
SR21-00729203,Pushcart Food Vendor Complaint,CORNVEND,,Health,Completed,Internet,05/03/2021 11:42:27 PM,05/25/2021 01:55:13 PM,05/25/2021 01:55:13 PM,4500 S CICERO AVE,,,60638,4500,S,CICERO,AVE,false,false,,,56,22,,D032,1,08,0814,1,,23,2,5,1144992.498975,1874258.539601,41.810975814,-87.743709951,"(41.810975813804006, -87.74370995055187)",7,53,22268,604,28,22
SR21-00726274,Pushcart Food Vendor Complaint,CORNVEND,311 City Services,Health,Canceled,Phone Call,05/03/2021 01:54:10 PM,05/04/2021 03:31:07 PM,05/04/2021 03:31:07 PM,249 E 115TH ST,,,60628,249,E,115TH,ST,false,false,,,53,9,,Q050,3,05,0532,28,,13,2,5,1180174.516822,1828687.539067,41.685188938,-87.616058917,"(41.685188937660165, -87.61605891689344)",19,50,21861,229,43,11
SR21-00710174,Pushcart Food Vendor Complaint,CORNVEND,311 City Services,Health,Completed,Phone Call,04/30/2021 01:40:31 PM,05/03/2021 09:50:29 AM,05/03/2021 09:50:29 AM,4158 S ASHLAND AVE,,,60609,4158,S,ASHLAND,AVE,false,false,,,61,12,,L031,2,09,0924,19,,13,6,4,1166050.129304,1876860.674563,41.817693938,-87.666397855,"(41.81769393820573, -87.66639785531261)",37,59,14924,706,1,12
SR21-00703880,Pushcart Food Vendor Complaint,CORNVEND,Alderman,Health,Open,Alderman's Office,04/29/2021 02:24:39 PM,06/09/2021 08:46:17 AM,,9800 S EWING AVE,,,60617,9800,S,EWING,AVE,false,false,,,52,10,,Y046,3,04,0432,26,,14,5,4,1202117.932863,1840715.543982,41.717665391,-87.535323125,"(41.71766539088248, -87.53532312478555)",25,49,21202,528,47,6
SR21-00699172,Pushcart Food Vendor Complaint,CORNVEND,,Health,Completed,Mobile Device,04/28/2021 09:54:35 PM,06/08/2021 05:30:06 PM,06/08/2021 05:30:06 PM,4357 W 83RD ST,,,60652,4357,W,83RD,ST,false,false,,,70,18,,E042,3,08,0834,44,,21,4,4,1148527.160907,1849153.96583,41.742017464,-87.731389464,"(41.742017464458975, -87.73138946383921)",8,69,4300,235,30,18
SR21-00693141,Pushcart Food Vendor Complaint,CORNVEND,311 City Services,Health,Canceled,Phone Call,04/28/2021 08:15:53 AM,04/29/2021 10:47:04 AM,04/29/2021 10:47:04 AM,5001 W ADDISON ST,,,60641,5001,W,ADDISON,ST,false,false,,,15,31,,D014,3,16,1634,11,,8,4,4,1142349.682518,1923385.486237,41.945835691,-87.752183597,"(41.94583569118396, -87.7521835967538)",21,15,22618,114,17,31
SR21-00692511,Pushcart Food Vendor Complaint,CORNVEND,,Health,Completed,Internet,04/28/2021 05:53:32 AM,07/01/2021 08:25:04 AM,07/01/2021 08:25:04 AM,932 W 63RD ST,,,60621,932,W,63RD,ST,false,false,,,68,16,,N036,1,07,0712,27,,5,4,4,1171034.889544,1863056.42064,41.779705939,-87.648515718,"(41.77970593906271, -87.648515717633)",11,66,21559,22,2,16
SR21-00684201,Pushcart Food Vendor Complaint,CORNVEND,311 City Services,Health,Completed,Phone Call,04/26/2021 04:30:21 PM,05/20/2021 04:40:08 PM,05/20/2021 04:40:08 PM,7315 S KEDZIE AVE,,,60629,7315,S,KEDZIE,AVE,false,false,,,66,18,,I039,3,08,0835,39,,16,2,4,1156403.46357,1855882.69599,41.760327376,-87.702349697,"(41.760327375927666, -87.70234969738026)",58,64,21867,349,30,18
SR21-00672392,Pushcart Food Vendor Complaint,CORNVEND,311 City Services,Health,Completed,Phone Call,04/24/2021 12:53:25 PM,07/06/2021 09:55:20 AM,07/06/2021 09:55:20 AM,3311 W 26TH ST,,,60623,3311,W,26TH,ST,false,false,,,30,12,,H028,3,10,1032,16,,12,7,4,1154574.554213,1886309.678914,41.843859902,-87.708241771,"(41.843859901850216, -87.70824177129167)",57,32,21569,146,1,25
SR21-00649891,Pushcart Food Vendor Complaint,CORNVEND,311 City Services,Health,Completed,Phone Call,04/20/2021 05:25:46 PM,05/07/2021 04:20:05 PM,05/07/2021 04:20:05 PM,10912 S AVENUE J,,,60617,10912,S,AVENUE J,,false,false,,,52,10,,Y048,3,04,0432,28,,17,3,4,1202466.059683,1833130.663114,41.696842997,-87.534305877,"(41.696842996635674, -87.53430587701021)",25,49,21202,552,47,6
SR21-00648307,Pushcart Food Vendor Complaint,CORNVEND,,Health,Completed,Internet,04/20/2021 02:24:25 PM,05/25/2021 01:55:08 PM,05/25/2021 01:55:08 PM,5211 S CICERO AVE,,,60632,5211,S,CICERO,AVE,false,false,,,56,14,,E034,1,08,0815,18,,14,3,4,1145368.188647,1869626.997685,41.798259058,-87.742448721,"(41.79825905765883, -87.74244872142995)",56,53,22248,173,8,23
SR21-00645378,Pushcart Food Vendor Complaint,CORNVEND,311 City Services,Health,Completed,Phone Call,04/20/2021 09:58:58 AM,05/20/2021 04:40:05 PM,05/20/2021 04:40:05 PM,3301 S WESTERN BLVD,,,60608,3301,S,WESTERN,BLVD,false,false,,,59,25,,K029,1,09,0911,32,,9,3,4,1161064.907675,1882743.958628,41.833943076,-87.684522222,"(41.83394307561842, -87.68452222177719)",43,56,14920,2,26,12
SR21-00630742,Pushcart Food Vendor Complaint,CORNVEND,311 City Services,Health,Completed,Phone Call,04/17/2021 03:04:12 PM,05/19/2021 08:45:03 AM,05/19/2021 08:45:03 AM,5158 W DIVISION ST,,,60651,5158,W,DIVISION,ST,false,false,,,25,37,,C020,3,25,2532,23,,15,7,4,1141478.209604,1907498.84919,41.902257253,-87.755780172,"(41.9022572534865, -87.75578017246531)",5,26,4299,599,45,37
SR21-00630210,Pushcart Food Vendor Complaint,CORNVEND,311 City Services,Health,Canceled,Phone Call,04/17/2021 01:11:33 PM,04/20/2021 09:23:39 AM,04/20/2021 09:23:39 AM,6252 S KNOX AVE,,,60629,6252,S,KNOX,AVE,false,false,,,64,13,,E037,1,08,0813,25,,13,7,4,1146461.734493,1862426.433698,41.778478845,-87.738621074,"(41.778478845235036, -87.73862107397305)",58,62,21867,232,15,13
SR21-00626119,Pushcart Food Vendor Complaint,CORNVEND,311 City Services,Health,Canceled,Phone Call,04/16/2021 02:39:48 PM,04/20/2021 08:16:48 AM,04/20/2021 08:16:48 AM,3602 N LAVERGNE AVE,,,60641,3602,N,LAVERGNE,AVE,false,false,,,15,30,,D014,3,16,1634,1,,14,6,4,1142393.936376,1923470.916382,41.946069296,-87.752018803,"(41.94606929599729, -87.75201880324464)",21,15,22618,360,21,30
SR21-00624274,Pushcart Food Vendor Complaint,CORNVEND,311 City Services,Health,Completed,Phone Call,04/16/2021 11:01:34 AM,05/07/2021 04:55:13 PM,05/07/2021 04:55:13 PM,4311 W 28TH ST,,,60623,4311,W,28TH,ST,false,false,,,30,22,,F028,3,10,1031,20,,11,6,4,1148039.269591,1884980.630239,41.840340838,-87.732259347,"(41.84034083792864, -87.732259346752)",57,32,21569,205,28,22
SR21-00604843,Pushcart Food Vendor Complaint,CORNVEND,311 City Services,Health,Canceled,Phone Call,04/13/2021 11:47:20 AM,04/13/2021 12:44:41 PM,04/13/2021 12:44:41 PM,253 E 115TH ST,,,60628,253,E,115TH,ST,false,false,,,53,9,,Q050,3,05,0532,28,,11,3,4,1180205.855177,1828756.409215,41.685377211,-87.615942096,"(41.68537721121306, -87.61594209629473)",19,50,21861,229,43,11
SR21-00600128,Pushcart Food Vendor Complaint,CORNVEND,311 City Services,Health,Completed,Phone Call,04/12/2021 04:19:45 PM,04/13/2021 09:16:33 AM,04/13/2021 09:16:33 AM,2618 W 59TH ST,,,60629,2618,W,59TH,ST,false,false,,,63,16,,J035,2,08,0824,23,,16,2,4,1159804.141703,1865511.039596,41.786679811,-87.689621903,"(41.78667981105032, -87.68962190344266)",58,61,21867,112,2,15
SR21-00570748,Pushcart Food Vendor Complaint,CORNVEND,,Health,Completed,Mobile Device,04/07/2021 08:09:05 PM,04/23/2021 04:50:07 PM,04/23/2021 04:50:07 PM,4100 W 79TH ST,,,60652,4100,W,79TH,ST,false,false,,,70,18,,F040,3,08,0834,15,,20,4,4,1150411.160182,1851915.93098,41.74956041,-87.724414812,"(41.749560410410396, -87.72441481188753)",8,69,4300,571,30,18
SR21-00560425,Pushcart Food Vendor Complaint,CORNVEND,311 City Services,Health,Canceled,Phone Call,04/06/2021 12:35:36 PM,04/14/2021 09:40:13 AM,04/14/2021 09:40:13 AM,7101 S KEDZIE AVE,,,60629,7101,S,KEDZIE,AVE,false,false,,,66,18,,H038,3,08,0831,39,,12,3,4,1156264.680607,1857364.509442,41.764396496,-87.702818538,"(41.7643964959118, -87.70281853760561)",58,64,21867,383,31,17
SR21-00560419,Pushcart Food Vendor Complaint,CORNVEND,311 City Services,Health,Canceled,Phone Call,04/06/2021 12:34:52 PM,04/14/2021 09:37:47 AM,04/14/2021 09:37:47 AM,7101 S KEDZIE AVE,,,60629,7101,S,KEDZIE,AVE,false,false,,,66,18,,H038,3,08,0831,39,,12,3,4,1156264.680607,1857364.509442,41.764396496,-87.702818538,"(41.7643964959118, -87.70281853760561)",58,64,21867,383,31,17
SR21-00558001,Pushcart Food Vendor Complaint,CORNVEND,311 City Services,Health,Completed,Phone Call,04/06/2021 08:52:29 AM,04/11/2021 09:45:14 PM,04/11/2021 09:45:14 PM,2600 S AVERS AVE,,,60623,2600,S,AVERS,AVE,false,false,,,30,22,,G028,3,10,1031,4,,8,3,4,1151115.827608,1886414.600942,41.8442162,-87.720931976,"(41.844216199519934, -87.72093197556406)",57,32,21569,227,28,22
SR21-00541851,Pushcart Food Vendor Complaint,CORNVEND,311 City Services,Health,Completed,Phone Call,04/02/2021 06:07:47 PM,04/05/2021 08:09:23 AM,04/05/2021 08:09:23 AM,7530 S STONY ISLAND AVE,,,60649,7530,S,STONY ISLAND,AVE,false,false,,,43,8,,T040,1,04,0411,2,,18,6,4,1188090.092672,1855268.229203,41.757944741,-87.58623786,"(41.75794474091446, -87.58623785966469)",61,39,22538,188,35,10
SR21-00505489,Pushcart Food Vendor Complaint,CORNVEND,,Health,Completed,Internet,03/28/2021 02:21:53 AM,06/15/2021 12:35:03 PM,06/15/2021 12:35:03 PM,4629 S HARDING AVE,,,60632,4629,S,HARDING,AVE,false,false,,,57,14,,G032,2,08,0821,27,,2,1,3,1150878.156409,1873519.107919,41.808833867,-87.722140865,"(41.8088338672397, -87.7221408649138)",56,54,22248,563,8,14
SR21-00478386,Pushcart Food Vendor Complaint,CORNVEND,,Health,Completed,Mobile Device,03/23/2021 04:15:50 PM,04/03/2021 07:35:03 PM,04/03/2021 07:35:03 PM,3640 W 26TH ST,,,60623,3640,W,26TH,ST,false,false,,,30,22,,G027,1,10,1013,13,,16,3,3,1152355.03196,1886489.304637,41.844396858,-87.716382307,"(41.84439685788982, -87.71638230741631)",57,32,21569,754,28,22
SR21-00440585,Pushcart Food Vendor Complaint,CORNVEND,,Health,Completed,Internet,03/17/2021 12:12:58 PM,04/02/2021 03:50:04 PM,04/02/2021 03:50:04 PM,134 N LA SALLE ST,,,60602,134,N,LA SALLE,ST,false,false,,,32,42,,P022,2,01,0122,9,,12,4,3,1175027.749012,1901140.928677,41.884124844,-87.632738734,"(41.88412484418602, -87.6327387335489)",41,38,14310,92,36,42
SR21-00437651,Pushcart Food Vendor Complaint,CORNVEND,,Health,Canceled,Internet,03/16/2021 11:07:57 PM,06/02/2021 11:11:37 AM,06/02/2021 11:11:37 AM,3124 S DAN RYAN 31ST ST XR,,,60616,3124,S,DAN RYAN 31ST ST XR,,false,false,,,34,11,,P029,1,02,0211,34,,23,3,3,1175883.264158,1884138.285882,41.837449223,-87.630108615,"(41.837449222644636, -87.63010861515909)",40,35,21194,376,48,7
SR21-00422389,Pushcart Food Vendor Complaint,CORNVEND,311 City Services,Health,Completed,Phone Call,03/14/2021 11:42:19 AM,05/25/2021 01:55:03 PM,05/25/2021 01:55:03 PM,6252 S KNOX AVE,,,60629,6252,S,KNOX,AVE,false,false,,,64,13,,E037,1,08,0813,25,,11,1,3,1146461.734493,1862426.433698,41.778478845,-87.738621074,"(41.778478845235036, -87.73862107397305)",58,62,21867,232,15,13
SR21-00367864,Pushcart Food Vendor Complaint,CORNVEND,,Health,Completed,Internet,03/05/2021 07:55:20 AM,03/21/2021 09:25:04 PM,03/21/2021 09:25:04 PM,1040 E 79TH ST,,,60619,1040,E,79TH,ST,false,false,,,69,8,,S040,2,06,0624,16,,7,6,3,1184722.357997,1852911.161396,41.751556304,-87.598653842,"(41.751556303861456, -87.59865384233025)",61,67,21546,497,35,10
SR21-00316851,Pushcart Food Vendor Complaint,CORNVEND,,Health,Completed,Mobile Device,02/25/2021 09:34:41 AM,03/04/2021 02:50:09 PM,03/04/2021 02:50:09 PM,2875 S LOOMIS ST,,,60608,2875,S,LOOMIS,ST,false,false,,,60,11,,M028,1,09,0913,1,,9,5,2,1168304.727104,1885755.83579,41.842054827,-87.657870758,"(41.84205482688967, -87.65787075792875)",43,58,14920,722,48,7
SR21-00213565,Pushcart Food Vendor Complaint,CORNVEND,311 City Services,Health,Canceled,Phone Call,02/07/2021 07:38:34 AM,02/08/2021 01:54:43 PM,02/08/2021 01:54:43 PM,2755 N MCVICKER AVE,,,60634,2755,N,MCVICKER,AVE,false,false,,,19,30,,A016,1,25,2512,5,,7,1,2,1135582.47016,1917981.604667,41.931130063,-87.777186771,"(41.93113006349209, -87.77718677073277)",52,19,22615,81,21,30
SR21-00203587,Pushcart Food Vendor Complaint,CORNVEND,311 City Services,Health,Canceled,Phone Call,02/05/2021 07:45:14 AM,02/05/2021 09:03:48 AM,02/05/2021 09:03:48 AM,6101 W DIVERSEY AVE,,,60639,6101,W,DIVERSEY,AVE,false,false,,,19,30,,A016,1,25,2512,13,,7,6,2,1135252.375079,1917973.346397,41.931113271,-87.778400024,"(41.93111327104305, -87.77840002399545)",52,19,22615,81,21,30
SR21-00116961,Pushcart Food Vendor Complaint,CORNVEND,311 City Services,Health,Completed,Phone Call,01/21/2021 01:39:37 PM,02/19/2021 03:25:06 PM,02/19/2021 03:25:06 PM,7500 S STONY ISLAND AVE,,,60649,7500,S,STONY ISLAND,AVE,false,false,,,43,8,,T040,1,04,0411,2,,13,5,1,1188105.094305,1855536.818471,41.758681417,-87.586174332,"(41.75868141676001, -87.5861743319661)",61,39,22538,188,35,10
SR21-00108195,Pushcart Food Vendor Complaint,CORNVEND,311 City Services,Health,Completed,Phone Call,01/20/2021 09:07:37 AM,03/04/2021 02:50:04 PM,03/04/2021 02:50:04 PM,2021 S WESTERN AVE,,,60608,2021,S,WESTERN,AVE,false,false,,,31,25,,K026,3,12,1234,8,,9,4,1,1160792.574483,1890097.164943,41.854126706,-87.685317902,"(41.854126706392705, -87.68531790174643)",43,33,14920,4,26,25
SR21-00013360,Pushcart Food Vendor Complaint,CORNVEND,311 City Services,Health,Completed,Phone Call,01/04/2021 12:56:38 PM,02/28/2021 07:20:06 PM,02/28/2021 07:20:06 PM,3520 W LAWRENCE AVE,,,60625,3520,W,LAWRENCE,AVE,false,false,,,14,33,,H010,1,17,1712,7,,12,2,1,1151988.151435,1931791.38948,41.968717288,-87.716533265,"(41.968717287897825, -87.7165332650964)",20,14,21849,750,20,33
